ActionId,Domain,ScreenName,Route,FilePath,ActionLabel,ActionType,CurrentState,ExpectedState,BackendAvailable,CurrentUiPattern,RequiredFix,FinalStateAfterThisWave,CompletionGate,ReviewerCheck,Notes
ACT-0001,Platform,RolePermissionMatrixPage,/platform/roles,/src/web/src/pages/AdminPages.tsx,Clone role,clone,disabled,DISABLED WITH REASON,No,ErpActionBar + ErpModalWorkspace,Retained the disabled state because role cloning requires custom-role governance approval.,DISABLED WITH REASON,PASS,Verify visible state matches behavior and business-safe wording,Visible reason is shown in the centered role workspace.
ACT-0002,Platform,RolePermissionMatrixPage,/platform/roles,/src/web/src/pages/AdminPages.tsx,Create custom role,create,disabled,DISABLED WITH REASON,No,ErpActionBar,Retained the disabled state because custom role creation requires role governance approval.,DISABLED WITH REASON,PASS,Verify visible state matches behavior and business-safe wording,Visible reason is shown in the list action bar.
ACT-0003,Platform,UserManagementPage,/platform/users,/src/web/src/pages/AdminPages.tsx,Export,export,working,WORKING,Yes,ErpActionBar,Wired user directory export to client-side CSV for the scoped visible list.,WORKING,PASS,Verify visible state matches behavior and business-safe wording,Export uses the currently filtered user directory.
ACT-0004,Platform,RolePermissionMatrixPage,/platform/roles,/src/web/src/pages/AdminPages.tsx,Export matrix,export,working,WORKING,Yes,ErpActionBar,Wired role matrix export to client-side CSV for the scoped visible matrix.,WORKING,PASS,Verify visible state matches behavior and business-safe wording,Export matrix uses the currently filtered role permission list.
ACT-0005,Platform,UserManagementPage,/platform/users,/src/web/src/pages/AdminPages.tsx,Invite user,invite,disabled,DISABLED WITH REASON,No,ErpActionBar,Retained the disabled state because user invitations require the approved access workflow.,DISABLED WITH REASON,PASS,Verify visible state matches behavior and business-safe wording,Visible reason is shown in the list action bar.
ACT-0006,Platform,UserManagementPage,/platform/users,/src/web/src/pages/AdminPages.tsx,Reset access,reset,disabled,DISABLED WITH REASON,No,ErpActionBar + ErpModalWorkspace,Retained the disabled state because access reset requires security approval.,DISABLED WITH REASON,PASS,Verify visible state matches behavior and business-safe wording,Visible reason is shown in the centered user workspace.
ACT-0007,Platform,UserManagementPage,/platform/users,/src/web/src/pages/AdminPages.tsx,Save access policy,save,disabled,DISABLED WITH REASON,No,ErpActionBar + ErpModalWorkspace,Retained the disabled state because access policy changes require the approved admin workflow.,DISABLED WITH REASON,PASS,Verify visible state matches behavior and business-safe wording,Visible reason is shown in the centered user workspace.
ACT-0008,Platform,RolePermissionMatrixPage,/platform/roles,/src/web/src/pages/AdminPages.tsx,Save template,save,disabled,DISABLED WITH REASON,No,ErpActionBar + ErpModalWorkspace,Retained the disabled state because role template changes require role governance approval.,DISABLED WITH REASON,PASS,Verify visible state matches behavior and business-safe wording,Visible reason is shown in the centered role workspace.
ACT-0009,Unknown,PriceListMasterPage,,/src/web/src/pages/CommercialMasterPages.tsx,New currency,new,working,WORKING,Yes,ErpActionBar,Verified during action truth scan.,WORKING,PASS,Verify visible state matches behavior and business-safe wording,Global static scan plus shared component enforcement.
ACT-0010,Unknown,PriceListMasterPage,,/src/web/src/pages/CommercialMasterPages.tsx,New discount scheme,new,working,WORKING,Yes,ErpActionBar,Verified during action truth scan.,WORKING,PASS,Verify visible state matches behavior and business-safe wording,Global static scan plus shared component enforcement.
ACT-0011,Unknown,PriceListMasterPage,,/src/web/src/pages/CommercialMasterPages.tsx,New payment term,new,working,WORKING,Yes,ErpActionBar,Verified during action truth scan.,WORKING,PASS,Verify visible state matches behavior and business-safe wording,Global static scan plus shared component enforcement.
ACT-0012,Unknown,PriceListMasterPage,,/src/web/src/pages/CommercialMasterPages.tsx,New price list,new,disabled,DISABLED WITH REASON,Partial,ErpActionBar,Verified during action truth scan.,DISABLED WITH REASON,PASS,Verify visible state matches behavior and business-safe wording,Global static scan plus shared component enforcement.
ACT-0013,Unknown,PriceListMasterPage,,/src/web/src/pages/CommercialMasterPages.tsx,New rate setup,new,working,WORKING,Yes,ErpActionBar,Verified during action truth scan.,WORKING,PASS,Verify visible state matches behavior and business-safe wording,Global static scan plus shared component enforcement.
ACT-0014,Unknown,PriceListMasterPage,,/src/web/src/pages/CommercialMasterPages.tsx,New tax category,new,working,WORKING,Yes,ErpActionBar,Verified during action truth scan.,WORKING,PASS,Verify visible state matches behavior and business-safe wording,Global static scan plus shared component enforcement.
ACT-0015,Unknown,PriceListMasterPage,,/src/web/src/pages/CommercialMasterPages.tsx,New trade term,new,working,WORKING,Yes,ErpActionBar,Verified during action truth scan.,WORKING,PASS,Verify visible state matches behavior and business-safe wording,Global static scan plus shared component enforcement.
ACT-0016,Unknown,PriceListMasterPage,,/src/web/src/pages/CommercialMasterPages.tsx,Save Draft,save,disabled,DISABLED WITH REASON,Partial,ErpActionBar,Verified during action truth scan.,DISABLED WITH REASON,PASS,Verify visible state matches behavior and business-safe wording,Global static scan plus shared component enforcement.
ACT-0017,Unknown,PriceListMasterPage,,/src/web/src/pages/CommercialMasterPages.tsx,Save Setup,save,disabled,DISABLED WITH REASON,Partial,ErpActionBar,Verified during action truth scan.,DISABLED WITH REASON,PASS,Verify visible state matches behavior and business-safe wording,Global static scan plus shared component enforcement.
ACT-0018,Unknown,SupplierLeadTimeMatrixPage,,/src/web/src/pages/CommercialPlanningPages.tsx,Export contracts,export,disabled,DISABLED WITH REASON,Partial,ErpActionBar,Verified during action truth scan.,DISABLED WITH REASON,PASS,Verify visible state matches behavior and business-safe wording,Global static scan plus shared component enforcement.
ACT-0019,Unknown,SupplierLeadTimeMatrixPage,,/src/web/src/pages/CommercialPlanningPages.tsx,Export matrix,export,disabled,DISABLED WITH REASON,Partial,ErpActionBar,Verified during action truth scan.,DISABLED WITH REASON,PASS,Verify visible state matches behavior and business-safe wording,Global static scan plus shared component enforcement.
ACT-0020,Unknown,SupplierLeadTimeMatrixPage,,/src/web/src/pages/CommercialPlanningPages.tsx,Export MPS,export,disabled,DISABLED WITH REASON,Partial,ErpActionBar,Verified during action truth scan.,DISABLED WITH REASON,PASS,Verify visible state matches behavior and business-safe wording,Global static scan plus shared component enforcement.
ACT-0021,Unknown,SupplierLeadTimeMatrixPage,,/src/web/src/pages/CommercialPlanningPages.tsx,Export orders,export,disabled,DISABLED WITH REASON,Partial,ErpActionBar,Verified during action truth scan.,DISABLED WITH REASON,PASS,Verify visible state matches behavior and business-safe wording,Global static scan plus shared component enforcement.
ACT-0022,Unknown,SupplierLeadTimeMatrixPage,,/src/web/src/pages/CommercialPlanningPages.tsx,Export promise check,export,disabled,DISABLED WITH REASON,Partial,ErpActionBar,Verified during action truth scan.,DISABLED WITH REASON,PASS,Verify visible state matches behavior and business-safe wording,Global static scan plus shared component enforcement.
ACT-0023,Unknown,SupplierLeadTimeMatrixPage,,/src/web/src/pages/CommercialPlanningPages.tsx,Export quotes,export,disabled,DISABLED WITH REASON,Partial,ErpActionBar,Verified during action truth scan.,DISABLED WITH REASON,PASS,Verify visible state matches behavior and business-safe wording,Global static scan plus shared component enforcement.
ACT-0024,Unknown,SupplierLeadTimeMatrixPage,,/src/web/src/pages/CommercialPlanningPages.tsx,Import forecast,import,disabled,DISABLED WITH REASON,Partial,ErpActionBar,Verified during action truth scan.,DISABLED WITH REASON,PASS,Verify visible state matches behavior and business-safe wording,Global static scan plus shared component enforcement.
ACT-0025,Unknown,SupplierLeadTimeMatrixPage,,/src/web/src/pages/CommercialPlanningPages.tsx,New blanket draft,new,disabled,DISABLED WITH REASON,Partial,ErpActionBar,Verified during action truth scan.,DISABLED WITH REASON,PASS,Verify visible state matches behavior and business-safe wording,Global static scan plus shared component enforcement.
ACT-0026,Unknown,SupplierLeadTimeMatrixPage,,/src/web/src/pages/CommercialPlanningPages.tsx,New forecast,new,disabled,DISABLED WITH REASON,Partial,ErpActionBar,Verified during action truth scan.,DISABLED WITH REASON,PASS,Verify visible state matches behavior and business-safe wording,Global static scan plus shared component enforcement.
ACT-0027,Unknown,SupplierLeadTimeMatrixPage,,/src/web/src/pages/CommercialPlanningPages.tsx,New lead-time row,new,disabled,DISABLED WITH REASON,Partial,ErpActionBar,Verified during action truth scan.,DISABLED WITH REASON,PASS,Verify visible state matches behavior and business-safe wording,Global static scan plus shared component enforcement.
ACT-0028,Unknown,SupplierLeadTimeMatrixPage,,/src/web/src/pages/CommercialPlanningPages.tsx,New MPS draft,new,disabled,DISABLED WITH REASON,Partial,ErpActionBar,Verified during action truth scan.,DISABLED WITH REASON,PASS,Verify visible state matches behavior and business-safe wording,Global static scan plus shared component enforcement.
ACT-0029,Unknown,SupplierLeadTimeMatrixPage,,/src/web/src/pages/CommercialPlanningPages.tsx,New order draft,new,disabled,DISABLED WITH REASON,Partial,ErpActionBar,Verified during action truth scan.,DISABLED WITH REASON,PASS,Verify visible state matches behavior and business-safe wording,Global static scan plus shared component enforcement.
ACT-0030,Unknown,SupplierLeadTimeMatrixPage,,/src/web/src/pages/CommercialPlanningPages.tsx,New quote draft,new,disabled,DISABLED WITH REASON,Partial,ErpActionBar,Verified during action truth scan.,DISABLED WITH REASON,PASS,Verify visible state matches behavior and business-safe wording,Global static scan plus shared component enforcement.
ACT-0031,Unknown,SupplierLeadTimeMatrixPage,,/src/web/src/pages/CommercialPlanningPages.tsx,Open download audit,open,disabled,DISABLED WITH REASON,No,ErpActionBar,Verified during action truth scan.,DISABLED WITH REASON,PASS,Verify visible state matches behavior and business-safe wording,Global static scan plus shared component enforcement.
ACT-0032,Unknown,SupplierLeadTimeMatrixPage,,/src/web/src/pages/CommercialPlanningPages.tsx,Review audit,review,disabled,DISABLED WITH REASON,No,ErpActionBar,Verified during action truth scan.,DISABLED WITH REASON,PASS,Verify visible state matches behavior and business-safe wording,Global static scan plus shared component enforcement.
ACT-0033,Unknown,SupplierLeadTimeMatrixPage,,/src/web/src/pages/CommercialPlanningPages.tsx,Run what-if,run,disabled,DISABLED WITH REASON,Partial,ErpActionBar,Verified during action truth scan.,DISABLED WITH REASON,PASS,Verify visible state matches behavior and business-safe wording,Global static scan plus shared component enforcement.
ACT-0034,Unknown,SupplierLeadTimeMatrixPage,,/src/web/src/pages/CommercialPlanningPages.tsx,Save blanket draft,save,disabled,DISABLED WITH REASON,Partial,ErpActionBar,Verified during action truth scan.,DISABLED WITH REASON,PASS,Verify visible state matches behavior and business-safe wording,Global static scan plus shared component enforcement.
ACT-0035,Unknown,SupplierLeadTimeMatrixPage,,/src/web/src/pages/CommercialPlanningPages.tsx,Save lead-time row,save,disabled,DISABLED WITH REASON,Partial,ErpActionBar,Verified during action truth scan.,DISABLED WITH REASON,PASS,Verify visible state matches behavior and business-safe wording,Global static scan plus shared component enforcement.
ACT-0036,Unknown,SupplierLeadTimeMatrixPage,,/src/web/src/pages/CommercialPlanningPages.tsx,Save MPS draft,save,disabled,DISABLED WITH REASON,Partial,ErpActionBar,Verified during action truth scan.,DISABLED WITH REASON,PASS,Verify visible state matches behavior and business-safe wording,Global static scan plus shared component enforcement.
ACT-0037,Unknown,SupplierLeadTimeMatrixPage,,/src/web/src/pages/CommercialPlanningPages.tsx,Save order draft,save,disabled,DISABLED WITH REASON,Partial,ErpActionBar,Verified during action truth scan.,DISABLED WITH REASON,PASS,Verify visible state matches behavior and business-safe wording,Global static scan plus shared component enforcement.
ACT-0038,Unknown,SupplierLeadTimeMatrixPage,,/src/web/src/pages/CommercialPlanningPages.tsx,Save quote draft,save,disabled,DISABLED WITH REASON,Partial,ErpActionBar,Verified during action truth scan.,DISABLED WITH REASON,PASS,Verify visible state matches behavior and business-safe wording,Global static scan plus shared component enforcement.
ACT-0039,Unknown,SupplierLeadTimeMatrixPage,,/src/web/src/pages/CommercialPlanningPages.tsx,Upload document,upload,disabled,DISABLED WITH REASON,Partial,ErpActionBar,Verified during action truth scan.,DISABLED WITH REASON,PASS,Verify visible state matches behavior and business-safe wording,Global static scan plus shared component enforcement.
ACT-0040,Unknown,DashboardHomePage,,/src/web/src/pages/DashboardPages.tsx,Export,export,working,WORKING,Yes,Button / navigation / tile,Verified during action truth scan.,WORKING,PASS,Verify visible state matches behavior and business-safe wording,Global static scan plus shared component enforcement.
ACT-0041,Unknown,DashboardHomePage,,/src/web/src/pages/DashboardPages.tsx,Export briefing,export,working,WORKING,Yes,Button / navigation / tile,Verified during action truth scan.,WORKING,PASS,Verify visible state matches behavior and business-safe wording,Global static scan plus shared component enforcement.
ACT-0042,Unknown,DashboardHomePage,,/src/web/src/pages/DashboardPages.tsx,Open Orders,open,unknown,DISABLED WITH REASON,No,Button / navigation / tile,Direct action reviewed; passive tiles no longer render as buttons and dashboard export buttons are explicitly disabled.,DISABLED WITH REASON,PASS,Verify visible state matches behavior and business-safe wording,Global static scan plus shared component enforcement.
ACT-0043,Unknown,DashboardHomePage,,/src/web/src/pages/DashboardPages.tsx,Open related work orders,open,unknown,DISABLED WITH REASON,No,Button / navigation / tile,Direct action reviewed; passive tiles no longer render as buttons and dashboard export buttons are explicitly disabled.,DISABLED WITH REASON,PASS,Verify visible state matches behavior and business-safe wording,Global static scan plus shared component enforcement.
ACT-0044,Unknown,DashboardHomePage,,/src/web/src/pages/DashboardPages.tsx,Refresh,refresh,working,WORKING,Yes,Button / navigation / tile,Verified during action truth scan.,WORKING,PASS,Verify visible state matches behavior and business-safe wording,Global static scan plus shared component enforcement.
ACT-0045,Dispatch,PackListPage,/dispatch/pack-lists,/src/web/src/pages/DispatchPages.tsx,Create pack list,create,disabled,DISABLED WITH REASON,No,ErpActionBar,Verified lane-prod-exec disabled reason and centered modal workspace behavior.,DISABLED WITH REASON,PASS,Verify visible state matches behavior and business-safe wording,Pack-list creation remains disabled until dispatch workflow enablement.
ACT-0046,Dispatch,ShipmentDeliveryPage,/dispatch/shipments,/src/web/src/pages/DispatchPages.tsx,Export documents,export,disabled,DISABLED WITH REASON,Partial,ErpActionBar,Verified lane-prod-exec disabled reason; modal footer reason now references the approved reporting workflow.,DISABLED WITH REASON,PASS,Verify visible state matches behavior and business-safe wording,Shipment document export remains disabled until approved reporting is enabled.
ACT-0047,Dispatch,DispatchPlanningPage,/dispatch/planning,/src/web/src/pages/DispatchPages.tsx,Export queue,export,disabled,DISABLED WITH REASON,Partial,ErpActionBar,Verified lane-prod-exec disabled reason and removed mobile-scaffold copy from dispatch readiness text.,DISABLED WITH REASON,PASS,Verify visible state matches behavior and business-safe wording,Dispatch queue export remains disabled until approved reporting is enabled.
ACT-0048,Dispatch,DispatchPlanningPage,/dispatch/planning,/src/web/src/pages/DispatchPages.tsx,Plan dispatch wave,plan,disabled,DISABLED WITH REASON,No,ErpActionBar,Verified lane-prod-exec disabled reason and no dead planning action.,DISABLED WITH REASON,PASS,Verify visible state matches behavior and business-safe wording,Dispatch-wave planning remains disabled until dispatch workflow enablement.
ACT-0049,Dispatch,ShipmentDeliveryPage,/dispatch/shipments,/src/web/src/pages/DispatchPages.tsx,Prepare shipment,prepare,disabled,DISABLED WITH REASON,No,ErpActionBar,Verified lane-prod-exec disabled reason and centered modal workspace behavior.,DISABLED WITH REASON,PASS,Verify visible state matches behavior and business-safe wording,Shipment preparation remains disabled until dispatch workflow enablement.
ACT-0050,Dispatch,PackListPage,/dispatch/pack-lists,/src/web/src/pages/DispatchPages.tsx,Print labels,print,disabled,DISABLED WITH REASON,Partial,ErpActionBar,Verified lane-prod-exec disabled reason and centered modal workspace behavior.,DISABLED WITH REASON,PASS,Verify visible state matches behavior and business-safe wording,Label printing remains disabled until document workflow enablement.
ACT-0051,Dispatch,PackListPage,/dispatch/pack-lists,/src/web/src/pages/DispatchPages.tsx,Save pack list,save,disabled,DISABLED WITH REASON,Partial,ErpActionBar + ErpModalWorkspace,Verified lane-prod-exec disabled reason inside the pack-list modal workspace.,DISABLED WITH REASON,PASS,Verify visible state matches behavior and business-safe wording,Pack-list save remains disabled until dispatch workflow enablement.
ACT-0052,Dispatch,ShipmentDeliveryPage,/dispatch/shipments,/src/web/src/pages/DispatchPages.tsx,Save shipment,save,disabled,DISABLED WITH REASON,Partial,ErpActionBar + ErpModalWorkspace,Verified lane-prod-exec disabled reason inside the shipment modal workspace.,DISABLED WITH REASON,PASS,Verify visible state matches behavior and business-safe wording,Shipment save remains disabled until dispatch workflow enablement.
ACT-0053,Engineering,RoutingLibraryPage,/engineering/routings,/src/web/src/pages/EngineeringContinuationPages.tsx,Clone routing,clone,working,WORKING,Yes,ErpActionBar,Wired clone action to open a governed routing draft and persist through the live routing create endpoint.,WORKING,PASS,Verify visible state matches behavior and business-safe wording,Clone routing now opens a centered draft workspace for live routing records and saves as a new routing.
ACT-0054,Engineering,AlternateItemRulesPage,/engineering/alternate-items,/src/web/src/pages/EngineeringContinuationPages.tsx,Export alternates,export,working,WORKING,Yes,ErpActionBar,Wired alternate-item export to the queued export-job workflow.,WORKING,PASS,Verify visible state matches behavior and business-safe wording,Export alternates now queues a governed export job for the current alternate-item rulebook.
ACT-0055,Engineering,BomComparisonPage,/engineering/bom-comparison,/src/web/src/pages/EngineeringContinuationPages.tsx,Export comparison,export,disabled,DISABLED WITH REASON,Partial,ErpActionBar,Retained the explicit disabled state because BOM comparison reporting is still pending the approved reporting workflow.,DISABLED WITH REASON,PASS,Verify visible state matches behavior and business-safe wording,BOM comparison export remains disabled until the approved reporting workflow is enabled.
ACT-0056,Engineering,OperationStandardPage,/engineering/operations,/src/web/src/pages/EngineeringContinuationPages.tsx,Export standards,export,working,WORKING,Yes,ErpActionBar,Wired operation-standard export to the queued export-job workflow.,WORKING,PASS,Verify visible state matches behavior and business-safe wording,Export standards now queues a governed export job for the current operation filter set.
ACT-0057,Engineering,OperationStandardPage,/engineering/operations,/src/web/src/pages/EngineeringContinuationPages.tsx,New operation,new,working,WORKING,Yes,ErpActionBar,Wired New operation to open the governed operation workspace and create through the live resource endpoint.,WORKING,PASS,Verify visible state matches behavior and business-safe wording,New operation now opens a centered modal workspace and saves through the operation create API.
ACT-0058,Engineering,RoutingLibraryPage,/engineering/routings,/src/web/src/pages/EngineeringContinuationPages.tsx,New routing,new,working,WORKING,Yes,ErpActionBar,Wired New routing to open the governed routing workspace and create through the live routing endpoint.,WORKING,PASS,Verify visible state matches behavior and business-safe wording,New routing now opens a centered modal workspace and saves through the routing create API.
ACT-0059,Engineering,AlternateItemRulesPage,/engineering/alternate-items,/src/web/src/pages/EngineeringContinuationPages.tsx,New rule,new,working,WORKING,Yes,ErpActionBar,Wired alternate-item authoring to open a governed create workspace for live sessions.,WORKING,PASS,Verify visible state matches behavior and business-safe wording,New rule now opens a centered alternate-item workspace for create mode.
ACT-0060,Engineering,EngineeringAttachmentViewerPage,/engineering/documents,/src/web/src/pages/EngineeringContinuationPages.tsx,Link document,upload,working,WORKING,Yes,ErpActionBar + ErpModalWorkspace,Wired engineering document linking to the attachment upload endpoint and kept binary audit review explicit.,WORKING,PASS,Verify visible state matches behavior and business-safe wording,Link document now opens a governed workspace and saves document metadata plus file content through the attachment API.
ACT-0061,Engineering,EngineeringAttachmentViewerPage,/engineering/documents,/src/web/src/pages/EngineeringContinuationPages.tsx,Open audit trail,open,disabled,DISABLED WITH REASON,No,ErpActionBar + ErpModalWorkspace,Retained the explicit disabled state because document-control audit review is not enabled yet.,DISABLED WITH REASON,PASS,Verify visible state matches behavior and business-safe wording,Engineering document audit trail remains disabled until document-control review is enabled.
ACT-0062,Engineering,AlternateItemRulesPage,/engineering/alternate-items,/src/web/src/pages/EngineeringContinuationPages.tsx,Save rule,save,working,WORKING,Yes,ErpActionBar + ErpModalWorkspace,Wired alternate-item create and update through the live alternate-item endpoints.,WORKING,PASS,Verify visible state matches behavior and business-safe wording,Save rule now persists alternate-item authoring changes through the live engineering API.
ACT-0063,Engineering,BomDetailEditorPage,/engineering/bom-editor,/src/web/src/pages/EngineeringContinuationPages.tsx,Save draft lines,save,working,WORKING,Yes,ErpActionBar,Wired draft line save to the live BOM update endpoint and locked non-persistable edit controls.,WORKING,PASS,Verify visible state matches behavior and business-safe wording,Save draft lines now persists BOM line and operation edits for live draft revisions.
ACT-0064,Engineering,RoutingLibraryPage,/engineering/routings,/src/web/src/pages/EngineeringContinuationPages.tsx,Save routing,save,working,WORKING,Yes,ErpActionBar,Wired routing save to live create/update endpoints and locked read-only seeded states.,WORKING,PASS,Verify visible state matches behavior and business-safe wording,"Save routing now persists new, cloned, and editable live routings."
ACT-0065,Engineering,BomDetailEditorPage,/engineering/bom-editor,/src/web/src/pages/EngineeringContinuationPages.tsx,Clone revision,clone,working,WORKING,Yes,ErpActionBar,Confirmed live clone revision behavior and kept disabled reasons for seeded or unselected states.,WORKING,PASS,Verify visible state matches behavior and business-safe wording,Clone revision opens a draft-ready BOM revision through the live engineering clone endpoint.
ACT-0066,Engineering,OperationStandardPage,/engineering/operations,/src/web/src/pages/EngineeringContinuationPages.tsx,Save operation,save,working,WORKING,Yes,ErpActionBar,Wired operation save to live create/update endpoints and locked seeded standards to read-only.,WORKING,PASS,Verify visible state matches behavior and business-safe wording,Save operation now persists governed operation-standard changes through the resource API.
ACT-0067,Unknown,BomLibraryPage,,/src/web/src/pages/EngineeringPages.tsx,Import CSV,import,disabled,DISABLED WITH REASON,Partial,ErpActionBar,Verified during action truth scan.,DISABLED WITH REASON,PASS,Verify visible state matches behavior and business-safe wording,Global static scan plus shared component enforcement.
ACT-0068,Unknown,BomLibraryPage,,/src/web/src/pages/EngineeringPages.tsx,New BOM draft,new,working,WORKING,Yes,ErpActionBar,Wired live BOM header draft creation and kept a business-safe disabled reason outside live engineering sessions.,WORKING,PASS,Verify visible state matches behavior and business-safe wording,New BOM draft now opens a governed BOM header modal and creates a draft BOM through the live API.
ACT-0069,Unknown,BomLibraryPage,,/src/web/src/pages/EngineeringPages.tsx,Print,print,disabled,DISABLED WITH REASON,Partial,ErpActionBar,Verified during action truth scan.,DISABLED WITH REASON,PASS,Verify visible state matches behavior and business-safe wording,Global static scan plus shared component enforcement.
ACT-0070,Unknown,InventoryBalancePage,,/src/web/src/pages/InventoryPages.tsx,Export balances,export,disabled,DISABLED WITH REASON,Partial,ErpActionBar,Verified during action truth scan.,DISABLED WITH REASON,PASS,Verify visible state matches behavior and business-safe wording,Global static scan plus shared component enforcement.
ACT-0071,Unknown,InventoryBalancePage,,/src/web/src/pages/InventoryPages.tsx,Export genealogy,export,disabled,DISABLED WITH REASON,Partial,ErpActionBar,Verified during action truth scan.,DISABLED WITH REASON,PASS,Verify visible state matches behavior and business-safe wording,Global static scan plus shared component enforcement.
ACT-0072,Unknown,InventoryBalancePage,,/src/web/src/pages/InventoryPages.tsx,Open traceability,open,disabled,DISABLED WITH REASON,No,ErpActionBar,Verified during action truth scan.,DISABLED WITH REASON,PASS,Verify visible state matches behavior and business-safe wording,Global static scan plus shared component enforcement.
ACT-0073,Inventory,MaterialIssuePage,/inventory/material-issue,/src/web/src/pages/InventoryPages.tsx,Post issue,post,disabled,DISABLED WITH REASON,Partial,ErpActionBar + ErpModalWorkspace,Verified lane-prod-exec disabled reason and converted source document to disabled lookup.,DISABLED WITH REASON,PASS,Verify visible state matches behavior and business-safe wording,Issue posting remains disabled until controlled inventory posting workflow enablement.
ACT-0074,Inventory,MaterialReturnPage,/inventory/material-return,/src/web/src/pages/InventoryPages.tsx,Post return,post,disabled,DISABLED WITH REASON,Partial,ErpActionBar + ErpModalWorkspace,Verified lane-prod-exec disabled reason and converted source document to disabled lookup.,DISABLED WITH REASON,PASS,Verify visible state matches behavior and business-safe wording,Return posting remains disabled until controlled inventory posting workflow enablement.
ACT-0075,Inventory,StockTransferPutawayPage,/inventory/stock-transfer,/src/web/src/pages/InventoryPages.tsx,Post transfer,post,disabled,DISABLED WITH REASON,Partial,ErpActionBar + ErpModalWorkspace,Verified lane-prod-exec disabled reason and lookup-controlled movement fields.,DISABLED WITH REASON,PASS,Verify visible state matches behavior and business-safe wording,Transfer posting remains disabled until controlled inventory posting workflow enablement.
ACT-0076,Inventory,MaterialIssuePage,/inventory/material-issue,/src/web/src/pages/InventoryPages.tsx,Prepare issue draft,prepare,disabled,DISABLED WITH REASON,No,ErpActionBar,Verified lane-prod-exec disabled reason and no dead issue draft action.,DISABLED WITH REASON,PASS,Verify visible state matches behavior and business-safe wording,Issue drafting remains disabled until inventory posting workflow enablement.
ACT-0077,Inventory,MaterialReturnPage,/inventory/material-return,/src/web/src/pages/InventoryPages.tsx,Prepare return draft,prepare,disabled,DISABLED WITH REASON,No,ErpActionBar,Verified lane-prod-exec disabled reason and no dead return draft action.,DISABLED WITH REASON,PASS,Verify visible state matches behavior and business-safe wording,Return drafting remains disabled until inventory posting workflow enablement.
ACT-0078,Inventory,StockTransferPutawayPage,/inventory/stock-transfer,/src/web/src/pages/InventoryPages.tsx,Prepare transfer draft,prepare,disabled,DISABLED WITH REASON,No,ErpActionBar,Verified lane-prod-exec disabled reason and no dead transfer draft action.,DISABLED WITH REASON,PASS,Verify visible state matches behavior and business-safe wording,Transfer drafting remains disabled until inventory posting workflow enablement.
ACT-0079,Inventory,StockTransferPutawayPage,/inventory/stock-transfer,/src/web/src/pages/InventoryPages.tsx,Print movement slip,print,disabled,DISABLED WITH REASON,Partial,ErpActionBar,Verified lane-prod-exec disabled reason and no dead print action.,DISABLED WITH REASON,PASS,Verify visible state matches behavior and business-safe wording,Movement slip printing remains disabled until document workflow enablement.
ACT-0080,Inventory,MaterialIssuePage,/inventory/material-issue,/src/web/src/pages/InventoryPages.tsx,Print pick slip,print,disabled,DISABLED WITH REASON,Partial,ErpActionBar,Verified lane-prod-exec disabled reason and no dead print action.,DISABLED WITH REASON,PASS,Verify visible state matches behavior and business-safe wording,Pick-slip printing remains disabled until document workflow enablement.
ACT-0081,Inventory,MaterialReturnPage,/inventory/material-return,/src/web/src/pages/InventoryPages.tsx,Print return note,print,disabled,DISABLED WITH REASON,Partial,ErpActionBar,Verified lane-prod-exec disabled reason and no dead print action.,DISABLED WITH REASON,PASS,Verify visible state matches behavior and business-safe wording,Return-note printing remains disabled until document workflow enablement.
ACT-0082,Unknown,InventoryBalancePage,,/src/web/src/pages/InventoryPages.tsx,Save balance,save,disabled,DISABLED WITH REASON,Partial,ErpActionBar,Verified during action truth scan.,DISABLED WITH REASON,PASS,Verify visible state matches behavior and business-safe wording,Global static scan plus shared component enforcement.
ACT-0083,Inventory,MaterialIssuePage,/inventory/material-issue,/src/web/src/pages/InventoryPages.tsx,Save issue draft,save,disabled,DISABLED WITH REASON,Partial,ErpActionBar + ErpModalWorkspace,Verified lane-prod-exec disabled reason and modal workspace source lookup.,DISABLED WITH REASON,PASS,Verify visible state matches behavior and business-safe wording,Issue draft save remains disabled until inventory posting workflow enablement.
ACT-0084,Inventory,MaterialReturnPage,/inventory/material-return,/src/web/src/pages/InventoryPages.tsx,Save return draft,save,disabled,DISABLED WITH REASON,Partial,ErpActionBar + ErpModalWorkspace,Verified lane-prod-exec disabled reason and modal workspace source lookup.,DISABLED WITH REASON,PASS,Verify visible state matches behavior and business-safe wording,Return draft save remains disabled until inventory posting workflow enablement.
ACT-0085,Inventory,StockTransferPutawayPage,/inventory/stock-transfer,/src/web/src/pages/InventoryPages.tsx,Save transfer draft,save,disabled,DISABLED WITH REASON,Partial,ErpActionBar + ErpModalWorkspace,Verified lane-prod-exec disabled reason and modal workspace location lookups.,DISABLED WITH REASON,PASS,Verify visible state matches behavior and business-safe wording,Transfer draft save remains disabled until inventory posting workflow enablement.
ACT-0086,Unknown,ItemGroupMasterPage,,/src/web/src/pages/ItemMasterPages.tsx,Import / export,import,disabled,DISABLED WITH REASON,Partial,ErpActionBar,Verified during action truth scan.,DISABLED WITH REASON,PASS,Verify visible state matches behavior and business-safe wording,Global static scan plus shared component enforcement.
ACT-0087,Unknown,ItemGroupMasterPage,,/src/web/src/pages/ItemMasterPages.tsx,New item draft,new,disabled,DISABLED WITH REASON,Partial,ErpActionBar,Verified during action truth scan.,DISABLED WITH REASON,PASS,Verify visible state matches behavior and business-safe wording,Global static scan plus shared component enforcement.
ACT-0088,Unknown,ItemGroupMasterPage,,/src/web/src/pages/ItemMasterPages.tsx,Open catalog preview,open,disabled,DISABLED WITH REASON,No,Button / navigation / tile,Verified during action truth scan.,DISABLED WITH REASON,PASS,Verify visible state matches behavior and business-safe wording,Global static scan plus shared component enforcement.
ACT-0089,Unknown,ItemGroupMasterPage,,/src/web/src/pages/ItemMasterPages.tsx,Retire media,retire,unknown,DISABLED WITH REASON,No,Button / navigation / tile,Direct action reviewed; passive tiles no longer render as buttons and dashboard export buttons are explicitly disabled.,DISABLED WITH REASON,PASS,Verify visible state matches behavior and business-safe wording,Global static scan plus shared component enforcement.
ACT-0090,Unknown,ItemGroupMasterPage,,/src/web/src/pages/ItemMasterPages.tsx,Review audit,review,working,WORKING,Yes,ErpActionBar,Verified during action truth scan.,WORKING,PASS,Verify visible state matches behavior and business-safe wording,Global static scan plus shared component enforcement.
ACT-0091,Unknown,ItemGroupMasterPage,,/src/web/src/pages/ItemMasterPages.tsx,Save & Continue,save,working,WORKING,Yes,ErpActionBar,Verified during action truth scan.,WORKING,PASS,Verify visible state matches behavior and business-safe wording,Global static scan plus shared component enforcement.
ACT-0092,Unknown,ItemGroupMasterPage,,/src/web/src/pages/ItemMasterPages.tsx,Set primary,set,unknown,DISABLED WITH REASON,No,Button / navigation / tile,Direct action reviewed; passive tiles no longer render as buttons and dashboard export buttons are explicitly disabled.,DISABLED WITH REASON,PASS,Verify visible state matches behavior and business-safe wording,Global static scan plus shared component enforcement.
ACT-0093,Unknown,ItemGroupMasterPage,,/src/web/src/pages/ItemMasterPages.tsx,Upload media,upload,disabled,DISABLED WITH REASON,Partial,Button / navigation / tile,Verified during action truth scan.,DISABLED WITH REASON,PASS,Verify visible state matches behavior and business-safe wording,Global static scan plus shared component enforcement.
ACT-0094,Unknown,ItemDirectoryPage,,/src/web/src/pages/MasterPages.tsx,Clone template,clone,disabled,DISABLED WITH REASON,Partial,ErpActionBar,Verified during action truth scan.,DISABLED WITH REASON,PASS,Verify visible state matches behavior and business-safe wording,Global static scan plus shared component enforcement.
ACT-0095,Unknown,ItemDirectoryPage,,/src/web/src/pages/MasterPages.tsx,Export,export,disabled,DISABLED WITH REASON,Partial,ErpActionBar,Verified during action truth scan.,DISABLED WITH REASON,PASS,Verify visible state matches behavior and business-safe wording,Global static scan plus shared component enforcement.
ACT-0096,Unknown,ItemDirectoryPage,,/src/web/src/pages/MasterPages.tsx,Export bundle,export,disabled,DISABLED WITH REASON,Partial,ErpActionBar,Verified during action truth scan.,DISABLED WITH REASON,PASS,Verify visible state matches behavior and business-safe wording,Global static scan plus shared component enforcement.
ACT-0097,Unknown,ItemDirectoryPage,,/src/web/src/pages/MasterPages.tsx,Export rules,export,disabled,DISABLED WITH REASON,Partial,ErpActionBar,Verified during action truth scan.,DISABLED WITH REASON,PASS,Verify visible state matches behavior and business-safe wording,Global static scan plus shared component enforcement.
ACT-0098,Unknown,ItemDirectoryPage,,/src/web/src/pages/MasterPages.tsx,Export tenant snapshot,export,disabled,DISABLED WITH REASON,Partial,ErpActionBar,Verified during action truth scan.,DISABLED WITH REASON,PASS,Verify visible state matches behavior and business-safe wording,Global static scan plus shared component enforcement.
ACT-0099,Unknown,ItemDirectoryPage,,/src/web/src/pages/MasterPages.tsx,New record,new,disabled,DISABLED WITH REASON,Partial,ErpActionBar,Verified during action truth scan.,DISABLED WITH REASON,PASS,Verify visible state matches behavior and business-safe wording,Global static scan plus shared component enforcement.
ACT-0100,Unknown,ItemDirectoryPage,,/src/web/src/pages/MasterPages.tsx,Review dependency,review,disabled,DISABLED WITH REASON,No,ErpActionBar,Verified during action truth scan.,DISABLED WITH REASON,PASS,Verify visible state matches behavior and business-safe wording,Global static scan plus shared component enforcement.
ACT-0101,Unknown,ItemDirectoryPage,,/src/web/src/pages/MasterPages.tsx,Save draft,save,disabled,DISABLED WITH REASON,Partial,ErpActionBar,Verified during action truth scan.,DISABLED WITH REASON,PASS,Verify visible state matches behavior and business-safe wording,Global static scan plus shared component enforcement.
ACT-0102,Unknown,ItemDirectoryPage,,/src/web/src/pages/MasterPages.tsx,Save numbering policy,save,disabled,DISABLED WITH REASON,Partial,ErpActionBar,Verified during action truth scan.,DISABLED WITH REASON,PASS,Verify visible state matches behavior and business-safe wording,Global static scan plus shared component enforcement.
ACT-0103,Unknown,ItemDirectoryPage,,/src/web/src/pages/MasterPages.tsx,Save policy draft,save,disabled,DISABLED WITH REASON,Partial,ErpActionBar,Verified during action truth scan.,DISABLED WITH REASON,PASS,Verify visible state matches behavior and business-safe wording,Global static scan plus shared component enforcement.
ACT-0104,Unknown,ItemDirectoryPage,,/src/web/src/pages/MasterPages.tsx,Save tenant settings,save,disabled,DISABLED WITH REASON,Partial,ErpActionBar,Verified during action truth scan.,DISABLED WITH REASON,PASS,Verify visible state matches behavior and business-safe wording,Global static scan plus shared component enforcement.
ACT-0105,Unknown,ItemDirectoryPage,,/src/web/src/pages/MasterPages.tsx,Save translation draft,save,disabled,DISABLED WITH REASON,Partial,ErpActionBar,Verified during action truth scan.,DISABLED WITH REASON,PASS,Verify visible state matches behavior and business-safe wording,Global static scan plus shared component enforcement.
ACT-0106,Unknown,ItemDirectoryPage,,/src/web/src/pages/MasterPages.tsx,Save workflow draft,save,disabled,DISABLED WITH REASON,Partial,ErpActionBar,Verified during action truth scan.,DISABLED WITH REASON,PASS,Verify visible state matches behavior and business-safe wording,Global static scan plus shared component enforcement.
ACT-0107,Unknown,UomClassMasterPage,,/src/web/src/pages/MeasurementPages.tsx,Review audit,review,disabled,DISABLED WITH REASON,No,ErpActionBar,Verified during action truth scan.,DISABLED WITH REASON,PASS,Verify visible state matches behavior and business-safe wording,Global static scan plus shared component enforcement.
ACT-0108,Production,JobCardsPage,/production/job-cards,/src/web/src/pages/OperationsPages.tsx,Add reject,add,disabled,DISABLED WITH REASON,No,ErpActionBar + ErpModalWorkspace,Verified lane-prod-exec disabled reason inside the job-card modal workspace.,DISABLED WITH REASON,PASS,Verify visible state matches behavior and business-safe wording,Reject entry remains disabled until quality workflow enablement.
ACT-0109,Unknown,BomLibraryPage,,/src/web/src/pages/OperationsPages.tsx,Approve,approve,disabled,DISABLED WITH REASON,Partial,ErpActionBar,Verified during action truth scan.,DISABLED WITH REASON,PASS,Verify visible state matches behavior and business-safe wording,Global static scan plus shared component enforcement.
ACT-0110,Unknown,BomLibraryPage,,/src/web/src/pages/OperationsPages.tsx,Clone,clone,disabled,DISABLED WITH REASON,Partial,ErpActionBar,Verified during action truth scan.,DISABLED WITH REASON,PASS,Verify visible state matches behavior and business-safe wording,Global static scan plus shared component enforcement.
ACT-0111,Unknown,BomLibraryPage,,/src/web/src/pages/OperationsPages.tsx,Export,export,disabled,DISABLED WITH REASON,Partial,ErpActionBar,Verified during action truth scan.,DISABLED WITH REASON,PASS,Verify visible state matches behavior and business-safe wording,Global static scan plus shared component enforcement.
ACT-0112,Production,DowntimeRegisterPage,/production/downtime,/src/web/src/pages/OperationsPages.tsx,Export downtime,export,disabled,DISABLED WITH REASON,Partial,ErpActionBar,Verified lane-prod-exec disabled reason and centered modal workspace behavior.,DISABLED WITH REASON,PASS,Verify visible state matches behavior and business-safe wording,Downtime export remains disabled until approved reporting is enabled.
ACT-0113,Production,ShiftProductionEntryPage,/production/shift-production,/src/web/src/pages/OperationsPages.tsx,Export shift,export,disabled,DISABLED WITH REASON,Partial,ErpActionBar,Verified lane-prod-exec disabled reason and centered modal workspace behavior.,DISABLED WITH REASON,PASS,Verify visible state matches behavior and business-safe wording,Shift export remains disabled until approved reporting is enabled.
ACT-0114,Unknown,BomLibraryPage,,/src/web/src/pages/OperationsPages.tsx,Export variances,export,disabled,DISABLED WITH REASON,Partial,ErpActionBar,Verified during action truth scan.,DISABLED WITH REASON,PASS,Verify visible state matches behavior and business-safe wording,Global static scan plus shared component enforcement.
ACT-0115,Unknown,BomLibraryPage,,/src/web/src/pages/OperationsPages.tsx,Import CSV,import,disabled,DISABLED WITH REASON,Partial,ErpActionBar,Verified during action truth scan.,DISABLED WITH REASON,PASS,Verify visible state matches behavior and business-safe wording,Global static scan plus shared component enforcement.
ACT-0116,Unknown,BomLibraryPage,,/src/web/src/pages/OperationsPages.tsx,New BOM,new,disabled,DISABLED WITH REASON,Partial,ErpActionBar,Verified during action truth scan.,DISABLED WITH REASON,PASS,Verify visible state matches behavior and business-safe wording,Global static scan plus shared component enforcement.
ACT-0117,Unknown,BomLibraryPage,,/src/web/src/pages/OperationsPages.tsx,New count sheet,new,disabled,DISABLED WITH REASON,Partial,ErpActionBar,Verified during action truth scan.,DISABLED WITH REASON,PASS,Verify visible state matches behavior and business-safe wording,Global static scan plus shared component enforcement.
ACT-0118,Production,WorkOrdersPage,/production/work-orders,/src/web/src/pages/OperationsPages.tsx,New work order,new,disabled,DISABLED WITH REASON,Partial,ErpActionBar,Verified lane-prod-exec disabled reason and centered work-order detail workspace behavior.,DISABLED WITH REASON,PASS,Verify visible state matches behavior and business-safe wording,Work-order creation remains disabled until planning release workflow enablement.
ACT-0119,Production,DowntimeRegisterPage,/production/downtime,/src/web/src/pages/OperationsPages.tsx,Open RCA queue,open,disabled,DISABLED WITH REASON,No,ErpActionBar + ErpModalWorkspace,Verified lane-prod-exec disabled reason in page and downtime modal actions.,DISABLED WITH REASON,PASS,Verify visible state matches behavior and business-safe wording,RCA queue opening remains disabled until quality action workflow enablement.
ACT-0120,Unknown,BomLibraryPage,,/src/web/src/pages/OperationsPages.tsx,Post count,post,disabled,DISABLED WITH REASON,Partial,ErpActionBar,Verified during action truth scan.,DISABLED WITH REASON,PASS,Verify visible state matches behavior and business-safe wording,Global static scan plus shared component enforcement.
ACT-0121,Production,JobCardsPage,/production/job-cards,/src/web/src/pages/OperationsPages.tsx,Print,print,disabled,DISABLED WITH REASON,Partial,ErpActionBar,Verified lane-prod-exec disabled reason and no dead print action.,DISABLED WITH REASON,PASS,Verify visible state matches behavior and business-safe wording,Job-card printing remains disabled until document workflow enablement.
ACT-0122,Production,WorkOrdersPage,/production/work-orders,/src/web/src/pages/OperationsPages.tsx,Print pack,print,disabled,DISABLED WITH REASON,Partial,ErpActionBar,Verified lane-prod-exec disabled reason and no dead print action.,DISABLED WITH REASON,PASS,Verify visible state matches behavior and business-safe wording,Work-order print pack remains disabled until document workflow enablement.
ACT-0123,Production,WorkOrdersPage,/production/work-orders,/src/web/src/pages/OperationsPages.tsx,Print traveler,print,disabled,DISABLED WITH REASON,Partial,ErpActionBar + ErpModalWorkspace,Verified lane-prod-exec disabled reason inside the work-order modal workspace.,DISABLED WITH REASON,PASS,Verify visible state matches behavior and business-safe wording,Traveler printing remains disabled until document workflow enablement.
ACT-0124,Production,OccupancyCalendarPage,/production/occupancy,/src/web/src/pages/OperationsPages.tsx,Review assignment,review,disabled,DISABLED WITH REASON,No,ErpActionBar,Verified lane-prod-exec disabled reason and no dead occupancy review action.,DISABLED WITH REASON,PASS,Verify visible state matches behavior and business-safe wording,Assignment review remains disabled until machine-scheduling workflow enablement.
ACT-0125,Production,WorkOrdersPage,/production/work-orders,/src/web/src/pages/OperationsPages.tsx,Review release,review,disabled,DISABLED WITH REASON,Partial,ErpActionBar + ErpModalWorkspace,Verified lane-prod-exec disabled reason inside the work-order modal workspace.,DISABLED WITH REASON,PASS,Verify visible state matches behavior and business-safe wording,Release review remains disabled until planning release workflow enablement.
ACT-0126,Unknown,BomLibraryPage,,/src/web/src/pages/OperationsPages.tsx,Save count sheet,save,disabled,DISABLED WITH REASON,Partial,ErpActionBar,Verified during action truth scan.,DISABLED WITH REASON,PASS,Verify visible state matches behavior and business-safe wording,Global static scan plus shared component enforcement.
ACT-0127,Production,DowntimeRegisterPage,/production/downtime,/src/web/src/pages/OperationsPages.tsx,Save downtime review,save,disabled,DISABLED WITH REASON,Partial,ErpActionBar + ErpModalWorkspace,Verified lane-prod-exec disabled reason inside the downtime modal workspace.,DISABLED WITH REASON,PASS,Verify visible state matches behavior and business-safe wording,Downtime review save remains disabled until RCA workflow enablement.
ACT-0128,Production,ShiftProductionEntryPage,/production/shift-production,/src/web/src/pages/OperationsPages.tsx,Save shift draft,save,disabled,DISABLED WITH REASON,Partial,ErpActionBar + ErpModalWorkspace,Verified lane-prod-exec disabled reason inside the shift production modal workspace.,DISABLED WITH REASON,PASS,Verify visible state matches behavior and business-safe wording,Shift draft save remains disabled until production execution workflow enablement.
ACT-0129,Production,ShiftProductionEntryPage,/production/shift-production,/src/web/src/pages/OperationsPages.tsx,Submit summary,submit,disabled,DISABLED WITH REASON,Partial,ErpActionBar + ErpModalWorkspace,Verified lane-prod-exec disabled reason in page and modal actions.,DISABLED WITH REASON,PASS,Verify visible state matches behavior and business-safe wording,Shift summary submission remains disabled until production execution workflow enablement.
ACT-0130,Production,WorkOrdersPage,/production/work-orders,/src/web/src/pages/OperationsPages.tsx,Export,export,disabled,DISABLED WITH REASON,Partial,ErpActionBar,Verified lane-prod-exec disabled reason and no dead work-order export action.,DISABLED WITH REASON,PASS,Verify visible state matches behavior and business-safe wording,Work-order export remains disabled until approved reporting is enabled.
ACT-0131,Production,JobCardsPage,/production/job-cards,/src/web/src/pages/OperationsPages.tsx,Manual job card,new,disabled,DISABLED WITH REASON,No,ErpActionBar,Verified lane-prod-exec disabled reason and no dead job-card creation action.,DISABLED WITH REASON,PASS,Verify visible state matches behavior and business-safe wording,Manual job-card creation remains disabled until production control workflow enablement.
ACT-0132,Production,JobCardsPage,/production/job-cards,/src/web/src/pages/OperationsPages.tsx,Complete,complete,disabled,DISABLED WITH REASON,Partial,ErpActionBar + ErpModalWorkspace,Verified lane-prod-exec disabled reason inside the job-card modal workspace.,DISABLED WITH REASON,PASS,Verify visible state matches behavior and business-safe wording,Completion remains disabled until production execution workflow enablement.
ACT-0133,Production,JobCardsPage,/production/job-cards,/src/web/src/pages/OperationsPages.tsx,Pause,pause,disabled,DISABLED WITH REASON,Partial,ErpActionBar + ErpModalWorkspace,Verified lane-prod-exec disabled reason inside the job-card modal workspace.,DISABLED WITH REASON,PASS,Verify visible state matches behavior and business-safe wording,Pause remains disabled until production execution workflow enablement.
ACT-0134,Production,MachineBoardPage,/production/machine-board,/src/web/src/pages/OperationsPages.tsx,Auto-assign review,review,disabled,DISABLED WITH REASON,No,ErpActionBar,Verified lane-prod-exec disabled reason and no dead machine board action.,DISABLED WITH REASON,PASS,Verify visible state matches behavior and business-safe wording,Auto-assignment review remains disabled until machine-scheduling workflow enablement.
ACT-0135,Production,MachineBoardPage,/production/machine-board,/src/web/src/pages/OperationsPages.tsx,Today,navigate,disabled,DISABLED WITH REASON,No,ErpActionBar,Verified lane-prod-exec disabled reason and no dead quick-date action.,DISABLED WITH REASON,PASS,Verify visible state matches behavior and business-safe wording,Quick date reset remains disabled until scheduling toolbar enablement.
ACT-0136,Production,OccupancyCalendarPage,/production/occupancy,/src/web/src/pages/OperationsPages.tsx,Next 7 days,navigate,disabled,DISABLED WITH REASON,No,ErpActionBar,Verified lane-prod-exec disabled reason and no dead quick-range action.,DISABLED WITH REASON,PASS,Verify visible state matches behavior and business-safe wording,Quick range selection remains disabled until scheduling toolbar enablement.
ACT-0137,Unknown,CompanyMasterPage,,/src/web/src/pages/OrganizationPages.tsx,Export bins,export,disabled,DISABLED WITH REASON,Partial,ErpActionBar,Verified during action truth scan.,DISABLED WITH REASON,PASS,Verify visible state matches behavior and business-safe wording,Global static scan plus shared component enforcement.
ACT-0138,Unknown,CompanyMasterPage,,/src/web/src/pages/OrganizationPages.tsx,Export branches,export,disabled,DISABLED WITH REASON,Partial,ErpActionBar,Verified during action truth scan.,DISABLED WITH REASON,PASS,Verify visible state matches behavior and business-safe wording,Global static scan plus shared component enforcement.
ACT-0139,Unknown,CompanyMasterPage,,/src/web/src/pages/OrganizationPages.tsx,Export companies,export,disabled,DISABLED WITH REASON,Partial,ErpActionBar,Verified during action truth scan.,DISABLED WITH REASON,PASS,Verify visible state matches behavior and business-safe wording,Global static scan plus shared component enforcement.
ACT-0140,Unknown,CompanyMasterPage,,/src/web/src/pages/OrganizationPages.tsx,Export departments,export,disabled,DISABLED WITH REASON,Partial,ErpActionBar,Verified during action truth scan.,DISABLED WITH REASON,PASS,Verify visible state matches behavior and business-safe wording,Global static scan plus shared component enforcement.
ACT-0141,Unknown,CompanyMasterPage,,/src/web/src/pages/OrganizationPages.tsx,Export shift calendar,export,disabled,DISABLED WITH REASON,Partial,ErpActionBar,Verified during action truth scan.,DISABLED WITH REASON,PASS,Verify visible state matches behavior and business-safe wording,Global static scan plus shared component enforcement.
ACT-0142,Unknown,CompanyMasterPage,,/src/web/src/pages/OrganizationPages.tsx,Export warehouses,export,disabled,DISABLED WITH REASON,Partial,ErpActionBar,Verified during action truth scan.,DISABLED WITH REASON,PASS,Verify visible state matches behavior and business-safe wording,Global static scan plus shared component enforcement.
ACT-0143,Unknown,CompanyMasterPage,,/src/web/src/pages/OrganizationPages.tsx,New bin draft,new,disabled,DISABLED WITH REASON,Partial,ErpActionBar,Verified during action truth scan.,DISABLED WITH REASON,PASS,Verify visible state matches behavior and business-safe wording,Global static scan plus shared component enforcement.
ACT-0144,Unknown,CompanyMasterPage,,/src/web/src/pages/OrganizationPages.tsx,New branch draft,new,disabled,DISABLED WITH REASON,Partial,ErpActionBar,Verified during action truth scan.,DISABLED WITH REASON,PASS,Verify visible state matches behavior and business-safe wording,Global static scan plus shared component enforcement.
ACT-0145,Unknown,CompanyMasterPage,,/src/web/src/pages/OrganizationPages.tsx,New company draft,new,disabled,DISABLED WITH REASON,Partial,ErpActionBar,Verified during action truth scan.,DISABLED WITH REASON,PASS,Verify visible state matches behavior and business-safe wording,Global static scan plus shared component enforcement.
ACT-0146,Unknown,CompanyMasterPage,,/src/web/src/pages/OrganizationPages.tsx,New department draft,new,disabled,DISABLED WITH REASON,Partial,ErpActionBar,Verified during action truth scan.,DISABLED WITH REASON,PASS,Verify visible state matches behavior and business-safe wording,Global static scan plus shared component enforcement.
ACT-0147,Unknown,CompanyMasterPage,,/src/web/src/pages/OrganizationPages.tsx,New shift draft,new,disabled,DISABLED WITH REASON,Partial,ErpActionBar,Verified during action truth scan.,DISABLED WITH REASON,PASS,Verify visible state matches behavior and business-safe wording,Global static scan plus shared component enforcement.
ACT-0148,Unknown,CompanyMasterPage,,/src/web/src/pages/OrganizationPages.tsx,New warehouse draft,new,disabled,DISABLED WITH REASON,Partial,ErpActionBar,Verified during action truth scan.,DISABLED WITH REASON,PASS,Verify visible state matches behavior and business-safe wording,Global static scan plus shared component enforcement.
ACT-0149,Unknown,CompanyMasterPage,,/src/web/src/pages/OrganizationPages.tsx,Review audit,review,disabled,DISABLED WITH REASON,No,ErpActionBar,Verified during action truth scan.,DISABLED WITH REASON,PASS,Verify visible state matches behavior and business-safe wording,Global static scan plus shared component enforcement.
ACT-0150,Unknown,CompanyMasterPage,,/src/web/src/pages/OrganizationPages.tsx,Review bins,review,disabled,DISABLED WITH REASON,No,ErpActionBar,Verified during action truth scan.,DISABLED WITH REASON,PASS,Verify visible state matches behavior and business-safe wording,Global static scan plus shared component enforcement.
ACT-0151,Unknown,CompanyMasterPage,,/src/web/src/pages/OrganizationPages.tsx,Review context users,review,disabled,DISABLED WITH REASON,No,ErpActionBar,Verified during action truth scan.,DISABLED WITH REASON,PASS,Verify visible state matches behavior and business-safe wording,Global static scan plus shared component enforcement.
ACT-0152,Unknown,CompanyMasterPage,,/src/web/src/pages/OrganizationPages.tsx,Review machine calendar,review,disabled,DISABLED WITH REASON,No,ErpActionBar,Verified during action truth scan.,DISABLED WITH REASON,PASS,Verify visible state matches behavior and business-safe wording,Global static scan plus shared component enforcement.
ACT-0153,Unknown,CompanyMasterPage,,/src/web/src/pages/OrganizationPages.tsx,Review stock usage,review,disabled,DISABLED WITH REASON,No,ErpActionBar,Verified during action truth scan.,DISABLED WITH REASON,PASS,Verify visible state matches behavior and business-safe wording,Global static scan plus shared component enforcement.
ACT-0154,Unknown,CompanyMasterPage,,/src/web/src/pages/OrganizationPages.tsx,Review workflow usage,review,disabled,DISABLED WITH REASON,No,ErpActionBar,Verified during action truth scan.,DISABLED WITH REASON,PASS,Verify visible state matches behavior and business-safe wording,Global static scan plus shared component enforcement.
ACT-0155,Unknown,CompanyMasterPage,,/src/web/src/pages/OrganizationPages.tsx,Save bin draft,save,disabled,DISABLED WITH REASON,Partial,ErpActionBar,Verified during action truth scan.,DISABLED WITH REASON,PASS,Verify visible state matches behavior and business-safe wording,Global static scan plus shared component enforcement.
ACT-0156,Unknown,CompanyMasterPage,,/src/web/src/pages/OrganizationPages.tsx,Save branch draft,save,disabled,DISABLED WITH REASON,Partial,ErpActionBar,Verified during action truth scan.,DISABLED WITH REASON,PASS,Verify visible state matches behavior and business-safe wording,Global static scan plus shared component enforcement.
ACT-0157,Unknown,CompanyMasterPage,,/src/web/src/pages/OrganizationPages.tsx,Save company draft,save,disabled,DISABLED WITH REASON,Partial,ErpActionBar,Verified during action truth scan.,DISABLED WITH REASON,PASS,Verify visible state matches behavior and business-safe wording,Global static scan plus shared component enforcement.
ACT-0158,Unknown,CompanyMasterPage,,/src/web/src/pages/OrganizationPages.tsx,Save department draft,save,disabled,DISABLED WITH REASON,Partial,ErpActionBar,Verified during action truth scan.,DISABLED WITH REASON,PASS,Verify visible state matches behavior and business-safe wording,Global static scan plus shared component enforcement.
ACT-0159,Unknown,CompanyMasterPage,,/src/web/src/pages/OrganizationPages.tsx,Save shift draft,save,disabled,DISABLED WITH REASON,Partial,ErpActionBar,Verified during action truth scan.,DISABLED WITH REASON,PASS,Verify visible state matches behavior and business-safe wording,Global static scan plus shared component enforcement.
ACT-0160,Unknown,CompanyMasterPage,,/src/web/src/pages/OrganizationPages.tsx,Save warehouse draft,save,disabled,DISABLED WITH REASON,Partial,ErpActionBar,Verified during action truth scan.,DISABLED WITH REASON,PASS,Verify visible state matches behavior and business-safe wording,Global static scan plus shared component enforcement.
ACT-0161,Unknown,CustomerListDetailPage,,/src/web/src/pages/PartnerPages.tsx,Add compliance metadata,add,disabled,DISABLED WITH REASON,No,ErpActionBar,Verified during action truth scan.,DISABLED WITH REASON,PASS,Verify visible state matches behavior and business-safe wording,Global static scan plus shared component enforcement.
ACT-0162,Unknown,CustomerListDetailPage,,/src/web/src/pages/PartnerPages.tsx,Add contact point,add,working,WORKING,Yes,ErpActionBar,Verified during action truth scan.,WORKING,PASS,Verify visible state matches behavior and business-safe wording,Global static scan plus shared component enforcement.
ACT-0163,Unknown,CustomerListDetailPage,,/src/web/src/pages/PartnerPages.tsx,Add customer site,add,working,WORKING,Yes,ErpActionBar,Verified during action truth scan.,WORKING,PASS,Verify visible state matches behavior and business-safe wording,Global static scan plus shared component enforcement.
ACT-0164,Unknown,CustomerListDetailPage,,/src/web/src/pages/PartnerPages.tsx,Add document metadata,add,disabled,DISABLED WITH REASON,No,ErpActionBar,Verified during action truth scan.,DISABLED WITH REASON,PASS,Verify visible state matches behavior and business-safe wording,Global static scan plus shared component enforcement.
ACT-0165,Unknown,CustomerListDetailPage,,/src/web/src/pages/PartnerPages.tsx,Add supplier site,add,working,WORKING,Yes,ErpActionBar,Verified during action truth scan.,WORKING,PASS,Verify visible state matches behavior and business-safe wording,Global static scan plus shared component enforcement.
ACT-0166,Unknown,CustomerListDetailPage,,/src/web/src/pages/PartnerPages.tsx,Review Audit,review,disabled,DISABLED WITH REASON,No,ErpActionBar,Shared action-bar guard adds a default disabled reason.,DISABLED WITH REASON,PASS,Verify visible state matches behavior and business-safe wording,Global static scan plus shared component enforcement.
ACT-0167,Unknown,CustomerListDetailPage,,/src/web/src/pages/PartnerPages.tsx,Save & Continue,save,disabled,DISABLED WITH REASON,Partial,ErpActionBar,Shared action-bar guard adds a default disabled reason.,DISABLED WITH REASON,PASS,Verify visible state matches behavior and business-safe wording,Global static scan plus shared component enforcement.
ACT-0168,Unknown,CustomerListDetailPage,,/src/web/src/pages/PartnerPages.tsx,Upload compliance document,upload,disabled,DISABLED WITH REASON,Partial,ErpActionBar,Verified during action truth scan.,DISABLED WITH REASON,PASS,Verify visible state matches behavior and business-safe wording,Global static scan plus shared component enforcement.
ACT-0169,Unknown,CustomerListDetailPage,,/src/web/src/pages/PartnerPages.tsx,Upload customer document,upload,disabled,DISABLED WITH REASON,Partial,ErpActionBar,Verified during action truth scan.,DISABLED WITH REASON,PASS,Verify visible state matches behavior and business-safe wording,Global static scan plus shared component enforcement.
ACT-0170,Unknown,CustomerListDetailPage,,/src/web/src/pages/PartnerPages.tsx,Upload supplier document,upload,disabled,DISABLED WITH REASON,Partial,ErpActionBar,Verified during action truth scan.,DISABLED WITH REASON,PASS,Verify visible state matches behavior and business-safe wording,Global static scan plus shared component enforcement.
ACT-0171,Planning,CapacityPlanningBoardPage,/planning/capacity,/src/web/src/pages/PlanningContinuationPages.tsx,Review overloads,review,working,WORKING,No,ErpActionBar + ErpModalWorkspace,Wired overload review to open the current or next overloaded capacity bucket in the governed review workspace.,WORKING,PASS,Verify visible state matches behavior and business-safe wording,Review overloads now opens the active overloaded bucket review without exposing a dead action.
ACT-0172,Planning,CapacityPlanningBoardPage,/planning/capacity,/src/web/src/pages/PlanningContinuationPages.tsx,Save capacity review,save,disabled,DISABLED WITH REASON,No,ErpActionBar,Kept disabled with a business-safe reason because no capacity save backend workflow exists.,DISABLED WITH REASON,PASS,Verify visible state matches behavior and business-safe wording,Capacity review save remains intentionally disabled until the planning workflow is implemented.
ACT-0173,Planning,CapacityPlanningBoardPage,/planning/capacity,/src/web/src/pages/PlanningContinuationPages.tsx,Rebuild capacity draft,rebuild,disabled,DISABLED WITH REASON,No,ErpActionBar,Verified explicit disabled state for the missing capacity rebuild workflow.,DISABLED WITH REASON,PASS,Verify visible state matches behavior and business-safe wording,Capacity rebuild remains intentionally disabled until the planning workflow is implemented.
ACT-0174,Unknown,MrpRunConsolePage,,/src/web/src/pages/PlanningPages.tsx,Create shortage actions,create,disabled,DISABLED WITH REASON,No,ErpActionBar,Verified during action truth scan.,DISABLED WITH REASON,PASS,Verify visible state matches behavior and business-safe wording,Global static scan plus shared component enforcement.
ACT-0175,Unknown,MrpRunConsolePage,,/src/web/src/pages/PlanningPages.tsx,Export exceptions,export,disabled,DISABLED WITH REASON,Partial,ErpActionBar,Verified during action truth scan.,DISABLED WITH REASON,PASS,Verify visible state matches behavior and business-safe wording,Global static scan plus shared component enforcement.
ACT-0176,Planning,MrpRunConsolePage,/planning/mrp,/src/web/src/pages/PlanningPages.tsx,Run MRP draft,run,working,WORKING,Yes,ErpActionBar,Wired the governed MRP draft modal to the live MRP start endpoint.,WORKING,PASS,Verify visible state matches behavior and business-safe wording,Run MRP draft now opens a parameter workspace and starts an MRP run through the live planning API.
ACT-0177,Planning,MrpRunConsolePage,/planning/mrp,/src/web/src/pages/PlanningPages.tsx,Save run parameters,save,disabled,DISABLED WITH REASON,No,ErpActionBar,Kept disabled with a business-safe reason because there is no save-only run-parameter endpoint.,DISABLED WITH REASON,PASS,Verify visible state matches behavior and business-safe wording,MRP parameters are saved only when starting a new run.
ACT-0178,Planning,MrpRunConsolePage,/planning/mrp,/src/web/src/pages/PlanningPages.tsx,Version snapshot,export,working,WORKING,Yes,ErpActionBar,Wired run snapshot export to the queued export-job workflow for live MRP runs.,WORKING,PASS,Verify visible state matches behavior and business-safe wording,Version snapshot now queues a governed export job for the selected live MRP run.
ACT-0179,Planning,BoqRequirementsPage,/planning/boq-requirements,/src/web/src/pages/PlanningPages.tsx,Approve selected line,approve,working,WORKING,Yes,ErpActionBar,Confirmed live BOQ line approval wiring and retained disabled reasons for non-live or converted rows.,WORKING,PASS,Verify visible state matches behavior and business-safe wording,Approve selected line now persists through the live BOQ approval endpoint.
ACT-0180,Planning,BoqRequirementsPage,/planning/boq-requirements,/src/web/src/pages/PlanningPages.tsx,Convert selected line,convert,working,WORKING,Yes,ErpActionBar,Confirmed live BOQ line conversion wiring and retained disabled reasons until a reviewed live line is selected.,WORKING,PASS,Verify visible state matches behavior and business-safe wording,Convert selected line now persists through the live BOQ conversion endpoint.
ACT-0181,Planning,BoqRequirementsPage,/planning/boq-requirements,/src/web/src/pages/PlanningPages.tsx,Convert reviewed lines,convert,working,WORKING,Yes,ErpActionBar,Wired bulk BOQ conversion to the live convert-reviewed endpoint and kept selection-state disabled reasons in place.,WORKING,PASS,Verify visible state matches behavior and business-safe wording,Convert reviewed lines now persists batch conversion for the selected live BOQ header.
ACT-0182,Unknown,PurchaseRequisitionPage,,/src/web/src/pages/ProcurementPages.tsx,Approve outside plan,approve,disabled,DISABLED WITH REASON,Partial,ErpActionBar,Verified during action truth scan.,DISABLED WITH REASON,PASS,Verify visible state matches behavior and business-safe wording,Global static scan plus shared component enforcement.
ACT-0183,Unknown,PurchaseRequisitionPage,,/src/web/src/pages/ProcurementPages.tsx,Approve PO,approve,disabled,DISABLED WITH REASON,Partial,ErpActionBar,Verified during action truth scan.,DISABLED WITH REASON,PASS,Verify visible state matches behavior and business-safe wording,Global static scan plus shared component enforcement.
ACT-0184,Unknown,PurchaseRequisitionPage,,/src/web/src/pages/ProcurementPages.tsx,Approve requisition,approve,disabled,DISABLED WITH REASON,Partial,ErpActionBar,Verified during action truth scan.,DISABLED WITH REASON,PASS,Verify visible state matches behavior and business-safe wording,Global static scan plus shared component enforcement.
ACT-0185,Unknown,PurchaseRequisitionPage,,/src/web/src/pages/ProcurementPages.tsx,Approve selected,approve,disabled,DISABLED WITH REASON,Partial,ErpActionBar,Verified during action truth scan.,DISABLED WITH REASON,PASS,Verify visible state matches behavior and business-safe wording,Global static scan plus shared component enforcement.
ACT-0186,Unknown,PurchaseRequisitionPage,,/src/web/src/pages/ProcurementPages.tsx,Export PO follow-up,export,disabled,DISABLED WITH REASON,Partial,ErpActionBar,Verified during action truth scan.,DISABLED WITH REASON,PASS,Verify visible state matches behavior and business-safe wording,Global static scan plus shared component enforcement.
ACT-0187,Unknown,PurchaseRequisitionPage,,/src/web/src/pages/ProcurementPages.tsx,Export PR queue,export,disabled,DISABLED WITH REASON,Partial,ErpActionBar,Verified during action truth scan.,DISABLED WITH REASON,PASS,Verify visible state matches behavior and business-safe wording,Global static scan plus shared component enforcement.
ACT-0188,Unknown,PurchaseRequisitionPage,,/src/web/src/pages/ProcurementPages.tsx,Print send-out note,print,disabled,DISABLED WITH REASON,Partial,ErpActionBar,Verified during action truth scan.,DISABLED WITH REASON,PASS,Verify visible state matches behavior and business-safe wording,Global static scan plus shared component enforcement.
ACT-0189,Unknown,PurchaseRequisitionPage,,/src/web/src/pages/ProcurementPages.tsx,Save outside plan,save,disabled,DISABLED WITH REASON,Partial,ErpActionBar,Verified during action truth scan.,DISABLED WITH REASON,PASS,Verify visible state matches behavior and business-safe wording,Global static scan plus shared component enforcement.
ACT-0190,Unknown,PurchaseRequisitionPage,,/src/web/src/pages/ProcurementPages.tsx,Save purchase order,save,disabled,DISABLED WITH REASON,Partial,ErpActionBar,Verified during action truth scan.,DISABLED WITH REASON,PASS,Verify visible state matches behavior and business-safe wording,Global static scan plus shared component enforcement.
ACT-0191,Unknown,PurchaseRequisitionPage,,/src/web/src/pages/ProcurementPages.tsx,Save requisition,save,disabled,DISABLED WITH REASON,Partial,ErpActionBar,Verified during action truth scan.,DISABLED WITH REASON,PASS,Verify visible state matches behavior and business-safe wording,Global static scan plus shared component enforcement.
ACT-0192,Production,MachineStatusPage,/production/machine-status,/src/web/src/pages/ProductionOutputPages.tsx,Export OEE-lite,export,disabled,DISABLED WITH REASON,Partial,ErpActionBar,Verified lane-prod-exec disabled reason and no dead machine status export action.,DISABLED WITH REASON,PASS,Verify visible state matches behavior and business-safe wording,OEE-lite export remains disabled until approved reporting is enabled.
ACT-0193,Production,ReworkOrderPage,/production/rework-orders,/src/web/src/pages/ProductionOutputPages.tsx,Export rework,export,disabled,DISABLED WITH REASON,Partial,ErpActionBar,Verified lane-prod-exec disabled reason and rework source lookup control.,DISABLED WITH REASON,PASS,Verify visible state matches behavior and business-safe wording,Rework export remains disabled until approved reporting is enabled.
ACT-0194,Production,ScrapByProductPage,/production/scrap-by-products,/src/web/src/pages/ProductionOutputPages.tsx,Export scrap,export,disabled,DISABLED WITH REASON,Partial,ErpActionBar,Verified lane-prod-exec disabled reason and production-safe valuation copy.,DISABLED WITH REASON,PASS,Verify visible state matches behavior and business-safe wording,Scrap export remains disabled until approved reporting is enabled.
ACT-0195,Production,ReworkOrderPage,/production/rework-orders,/src/web/src/pages/ProductionOutputPages.tsx,New rework order,new,disabled,DISABLED WITH REASON,Partial,ErpActionBar,Verified lane-prod-exec disabled reason and no dead rework creation action.,DISABLED WITH REASON,PASS,Verify visible state matches behavior and business-safe wording,Rework creation remains disabled until quality and production workflow enablement.
ACT-0196,Production,ProductionReceiptPage,/production/receipts,/src/web/src/pages/ProductionOutputPages.tsx,Post receipt,post,disabled,DISABLED WITH REASON,Partial,ErpActionBar + ErpModalWorkspace,Verified lane-prod-exec disabled reason inside production receipt modal workspace.,DISABLED WITH REASON,PASS,Verify visible state matches behavior and business-safe wording,Receipt posting remains disabled until controlled production posting workflow enablement.
ACT-0197,Production,ScrapByProductPage,/production/scrap-by-products,/src/web/src/pages/ProductionOutputPages.tsx,Post scrap,post,disabled,DISABLED WITH REASON,Partial,ErpActionBar + ErpModalWorkspace,Verified lane-prod-exec disabled reason inside scrap modal workspace.,DISABLED WITH REASON,PASS,Verify visible state matches behavior and business-safe wording,Scrap posting remains disabled until controlled production posting workflow enablement.
ACT-0198,Production,ProductionReceiptPage,/production/receipts,/src/web/src/pages/ProductionOutputPages.tsx,Prepare receipt draft,prepare,disabled,DISABLED WITH REASON,No,ErpActionBar,Verified lane-prod-exec disabled reason and no dead receipt draft action.,DISABLED WITH REASON,PASS,Verify visible state matches behavior and business-safe wording,Receipt drafting remains disabled until posting workflow enablement.
ACT-0199,Production,ScrapByProductPage,/production/scrap-by-products,/src/web/src/pages/ProductionOutputPages.tsx,Prepare scrap draft,prepare,disabled,DISABLED WITH REASON,No,ErpActionBar,Verified lane-prod-exec disabled reason and no dead scrap draft action.,DISABLED WITH REASON,PASS,Verify visible state matches behavior and business-safe wording,Scrap draft creation remains disabled until production posting workflow enablement.
ACT-0200,Production,ProductionReceiptPage,/production/receipts,/src/web/src/pages/ProductionOutputPages.tsx,Print receipt,print,disabled,DISABLED WITH REASON,Partial,ErpActionBar,Verified lane-prod-exec disabled reason and no dead receipt print action.,DISABLED WITH REASON,PASS,Verify visible state matches behavior and business-safe wording,Receipt printing remains disabled until document workflow enablement.
ACT-0201,Production,ReworkOrderPage,/production/rework-orders,/src/web/src/pages/ProductionOutputPages.tsx,Release rework,release,disabled,DISABLED WITH REASON,Partial,ErpActionBar + ErpModalWorkspace,Verified lane-prod-exec disabled reason inside rework modal workspace.,DISABLED WITH REASON,PASS,Verify visible state matches behavior and business-safe wording,Rework release remains disabled until controlled rework workflow enablement.
ACT-0202,Production,ProductionReceiptPage,/production/receipts,/src/web/src/pages/ProductionOutputPages.tsx,Save receipt draft,save,disabled,DISABLED WITH REASON,Partial,ErpActionBar + ErpModalWorkspace,Verified lane-prod-exec disabled reason inside production receipt modal workspace.,DISABLED WITH REASON,PASS,Verify visible state matches behavior and business-safe wording,Receipt draft save remains disabled until posting workflow enablement.
ACT-0203,Production,ReworkOrderPage,/production/rework-orders,/src/web/src/pages/ProductionOutputPages.tsx,Save rework order,save,disabled,DISABLED WITH REASON,Partial,ErpActionBar + ErpModalWorkspace,Verified lane-prod-exec disabled reason and rework source lookup control.,DISABLED WITH REASON,PASS,Verify visible state matches behavior and business-safe wording,Rework save remains disabled until quality and production workflow enablement.
ACT-0204,Production,ScrapByProductPage,/production/scrap-by-products,/src/web/src/pages/ProductionOutputPages.tsx,Save scrap draft,save,disabled,DISABLED WITH REASON,Partial,ErpActionBar + ErpModalWorkspace,Verified lane-prod-exec disabled reason inside scrap modal workspace.,DISABLED WITH REASON,PASS,Verify visible state matches behavior and business-safe wording,Scrap draft save remains disabled until production posting workflow enablement.
ACT-0205,Quality,InspectionPage,/quality/incoming-inspections | /quality/in-process-inspections | /quality/final-inspections,/src/web/src/pages/QualityPages.tsx,Export inspections,export,disabled,DISABLED WITH REASON,Partial,ErpActionBar,Verified lane-prod-exec disabled reason across inspection routes and converted source document to disabled lookup.,DISABLED WITH REASON,PASS,Verify visible state matches behavior and business-safe wording,Inspection export remains disabled until approved reporting is enabled.
ACT-0206,Quality,NcrDeviationPage,/quality/ncr,/src/web/src/pages/QualityPages.tsx,Export NCR,export,disabled,DISABLED WITH REASON,Partial,ErpActionBar,Verified lane-prod-exec disabled reason and rework-link lookup control.,DISABLED WITH REASON,PASS,Verify visible state matches behavior and business-safe wording,NCR export remains disabled until approved reporting is enabled.
ACT-0207,Quality,QcPlanSetupPage,/quality/plans,/src/web/src/pages/QualityPages.tsx,Export plans,export,disabled,DISABLED WITH REASON,Partial,ErpActionBar,Verified lane-prod-exec disabled reason and production-safe QC plan copy.,DISABLED WITH REASON,PASS,Verify visible state matches behavior and business-safe wording,QC plan export remains disabled until approved reporting is enabled.
ACT-0208,Quality,InspectionPage,/quality/incoming-inspections | /quality/in-process-inspections | /quality/final-inspections,/src/web/src/pages/QualityPages.tsx,New inspection,new,disabled,DISABLED WITH REASON,Partial,ErpActionBar,Verified lane-prod-exec disabled reason across inspection routes.,DISABLED WITH REASON,PASS,Verify visible state matches behavior and business-safe wording,Inspection creation remains disabled until quality execution workflow enablement.
ACT-0209,Quality,NcrDeviationPage,/quality/ncr,/src/web/src/pages/QualityPages.tsx,New NCR,new,disabled,DISABLED WITH REASON,Partial,ErpActionBar,Verified lane-prod-exec disabled reason and no dead NCR creation action.,DISABLED WITH REASON,PASS,Verify visible state matches behavior and business-safe wording,NCR creation remains disabled until quality workflow enablement.
ACT-0210,Quality,QcPlanSetupPage,/quality/plans,/src/web/src/pages/QualityPages.tsx,New QC plan,new,disabled,DISABLED WITH REASON,Partial,ErpActionBar,Verified lane-prod-exec disabled reason and no dead QC plan creation action.,DISABLED WITH REASON,PASS,Verify visible state matches behavior and business-safe wording,QC plan creation remains disabled until quality master workflow enablement.
ACT-0211,Quality,NcrDeviationPage,/quality/ncr,/src/web/src/pages/QualityPages.tsx,Release disposition,release,disabled,DISABLED WITH REASON,Partial,ErpActionBar + ErpModalWorkspace,Verified lane-prod-exec disabled reason inside the NCR modal workspace.,DISABLED WITH REASON,PASS,Verify visible state matches behavior and business-safe wording,Disposition release remains disabled until quality approval workflow enablement.
ACT-0212,Quality,InspectionPage,/quality/incoming-inspections | /quality/in-process-inspections | /quality/final-inspections,/src/web/src/pages/QualityPages.tsx,Release hold,release,disabled,DISABLED WITH REASON,Partial,ErpActionBar + ErpModalWorkspace,Verified lane-prod-exec disabled reason inside inspection modal workspaces.,DISABLED WITH REASON,PASS,Verify visible state matches behavior and business-safe wording,Hold release remains disabled until quality approval workflow enablement.
ACT-0213,Quality,InspectionPage,/quality/incoming-inspections | /quality/in-process-inspections | /quality/final-inspections,/src/web/src/pages/QualityPages.tsx,Save inspection,save,disabled,DISABLED WITH REASON,Partial,ErpActionBar + ErpModalWorkspace,Verified lane-prod-exec disabled reason and source lookup inside inspection modal workspaces.,DISABLED WITH REASON,PASS,Verify visible state matches behavior and business-safe wording,Inspection save remains disabled until quality execution workflow enablement.
ACT-0214,Quality,NcrDeviationPage,/quality/ncr,/src/web/src/pages/QualityPages.tsx,Save NCR,save,disabled,DISABLED WITH REASON,Partial,ErpActionBar + ErpModalWorkspace,Verified lane-prod-exec disabled reason and rework-link lookup inside the NCR modal workspace.,DISABLED WITH REASON,PASS,Verify visible state matches behavior and business-safe wording,NCR save remains disabled until quality workflow enablement.
ACT-0215,Unknown,ExecutionCaptureScreen,mobile://execution-capture,/src/mobile/src/screens/ExecutionCaptureScreen.tsx,Start,start,disabled,DISABLED WITH REASON,No,MobileButton,Shared MobileButton now disables missing handlers with a visible reason.,DISABLED WITH REASON,PASS,Verify visible state matches behavior and business-safe wording,Mobile start remains disabled until the mobile execution command handler is enabled.
ACT-0216,Unknown,ExecutionCaptureScreen,mobile://execution-capture,/src/mobile/src/screens/ExecutionCaptureScreen.tsx,Pause,pause,disabled,DISABLED WITH REASON,No,MobileButton,Shared MobileButton now disables missing handlers with a visible reason.,DISABLED WITH REASON,PASS,Verify visible state matches behavior and business-safe wording,Mobile pause remains disabled until the mobile execution command handler is enabled.
ACT-0217,Unknown,ExecutionCaptureScreen,mobile://execution-capture,/src/mobile/src/screens/ExecutionCaptureScreen.tsx,Resume,resume,disabled,DISABLED WITH REASON,No,MobileButton,Shared MobileButton now disables missing handlers with a visible reason.,DISABLED WITH REASON,PASS,Verify visible state matches behavior and business-safe wording,Mobile resume remains disabled until the mobile execution command handler is enabled.
ACT-0218,Unknown,ExecutionCaptureScreen,mobile://execution-capture,/src/mobile/src/screens/ExecutionCaptureScreen.tsx,Complete,complete,disabled,DISABLED WITH REASON,No,MobileButton,Shared MobileButton now disables missing handlers with a visible reason.,DISABLED WITH REASON,PASS,Verify visible state matches behavior and business-safe wording,Mobile complete remains disabled until the mobile execution command handler is enabled.
ACT-0219,Unknown,ExecutionCaptureScreen,mobile://execution-capture,/src/mobile/src/screens/ExecutionCaptureScreen.tsx,Queue quantity posting,queue,disabled,DISABLED WITH REASON,No,MobileButton,Shared MobileButton now disables missing handlers with a visible reason.,DISABLED WITH REASON,PASS,Verify visible state matches behavior and business-safe wording,Mobile quantity posting remains disabled until the offline queue command handler is enabled.
ACT-0220,Unknown,JobCardsScreen,mobile://job-cards,/src/mobile/src/screens/JobCardsScreen.tsx,Open action sheet,open,disabled,DISABLED WITH REASON,No,MobileButton,Shared MobileButton now disables missing handlers with a visible reason.,DISABLED WITH REASON,PASS,Verify visible state matches behavior and business-safe wording,Mobile action sheet opening remains disabled until the execution action sheet handler is enabled.
ACT-0221,Unknown,MachineDowntimeScreen,mobile://machine-downtime,/src/mobile/src/screens/MachineDowntimeScreen.tsx,Queue downtime log,queue,disabled,DISABLED WITH REASON,No,MobileButton,Shared MobileButton now disables missing handlers with a visible reason.,DISABLED WITH REASON,PASS,Verify visible state matches behavior and business-safe wording,Mobile downtime logging remains disabled until the offline downtime queue handler is enabled.
ACT-0222,Unknown,MachineDowntimeScreen,mobile://machine-downtime,/src/mobile/src/screens/MachineDowntimeScreen.tsx,Run,status,disabled,DISABLED WITH REASON,No,MobileButton,Shared MobileButton now disables missing handlers with a visible reason.,DISABLED WITH REASON,PASS,Verify visible state matches behavior and business-safe wording,Mobile run status update remains disabled until the machine status command handler is enabled.
ACT-0223,Unknown,MachineDowntimeScreen,mobile://machine-downtime,/src/mobile/src/screens/MachineDowntimeScreen.tsx,Idle,status,disabled,DISABLED WITH REASON,No,MobileButton,Shared MobileButton now disables missing handlers with a visible reason.,DISABLED WITH REASON,PASS,Verify visible state matches behavior and business-safe wording,Mobile idle status update remains disabled until the machine status command handler is enabled.
ACT-0224,Unknown,MachineDowntimeScreen,mobile://machine-downtime,/src/mobile/src/screens/MachineDowntimeScreen.tsx,Down,status,disabled,DISABLED WITH REASON,No,MobileButton,Shared MobileButton now disables missing handlers with a visible reason.,DISABLED WITH REASON,PASS,Verify visible state matches behavior and business-safe wording,Mobile down status update remains disabled until the machine status command handler is enabled.
ACT-0225,Unknown,ProductionReceiptReworkScreen,mobile://production-receipt-rework,/src/mobile/src/screens/ProductionReceiptReworkScreen.tsx,Queue output receipt,queue,disabled,DISABLED WITH REASON,No,MobileButton,Shared MobileButton now disables missing handlers with a visible reason.,DISABLED WITH REASON,PASS,Verify visible state matches behavior and business-safe wording,Mobile output receipt remains disabled until the offline receipt queue handler is enabled.
ACT-0226,Unknown,ProductionReceiptReworkScreen,mobile://production-receipt-rework,/src/mobile/src/screens/ProductionReceiptReworkScreen.tsx,Queue rework instruction,queue,disabled,DISABLED WITH REASON,No,MobileButton,Shared MobileButton now disables missing handlers with a visible reason.,DISABLED WITH REASON,PASS,Verify visible state matches behavior and business-safe wording,Mobile rework instruction remains disabled until the offline rework queue handler is enabled.
ACT-0227,Unknown,QualityCaptureScreen,mobile://quality-capture,/src/mobile/src/screens/QualityCaptureScreen.tsx,Pass,quality,disabled,DISABLED WITH REASON,No,MobileButton,Shared MobileButton now disables missing handlers with a visible reason and removed destructive-reset wording.,DISABLED WITH REASON,PASS,Verify visible state matches behavior and business-safe wording,Mobile pass result remains disabled until the quality result command handler is enabled.
ACT-0228,Unknown,QualityCaptureScreen,mobile://quality-capture,/src/mobile/src/screens/QualityCaptureScreen.tsx,Fail,quality,disabled,DISABLED WITH REASON,No,MobileButton,Shared MobileButton now disables missing handlers with a visible reason and removed destructive-reset wording.,DISABLED WITH REASON,PASS,Verify visible state matches behavior and business-safe wording,Mobile fail result remains disabled until the quality result command handler is enabled.
ACT-0229,Unknown,QualityCaptureScreen,mobile://quality-capture,/src/mobile/src/screens/QualityCaptureScreen.tsx,Queue NCR / rework capture,queue,disabled,DISABLED WITH REASON,No,MobileButton,Shared MobileButton now disables missing handlers with a visible reason and removed destructive-reset wording.,DISABLED WITH REASON,PASS,Verify visible state matches behavior and business-safe wording,Mobile NCR/rework capture remains disabled until the offline quality queue handler is enabled.
ACT-0230,Unknown,MaterialScanScreen,mobile://material-scan,/src/mobile/src/screens/MaterialScanScreen.tsx,Queue issue,queue,disabled,DISABLED WITH REASON,No,MobileButton,Shared MobileButton now disables missing handlers with a visible reason.,DISABLED WITH REASON,PASS,Verify visible state matches behavior and business-safe wording,Mobile material issue remains disabled until the offline material queue handler is enabled.
ACT-0231,Unknown,MaterialScanScreen,mobile://material-scan,/src/mobile/src/screens/MaterialScanScreen.tsx,Queue return,queue,disabled,DISABLED WITH REASON,No,MobileButton,Shared MobileButton now disables missing handlers with a visible reason.,DISABLED WITH REASON,PASS,Verify visible state matches behavior and business-safe wording,Mobile material return remains disabled until the offline material queue handler is enabled.
ACT-0232,Unknown,InventoryMovementScreen,mobile://inventory-movement,/src/mobile/src/screens/InventoryMovementScreen.tsx,Queue transfer,queue,disabled,DISABLED WITH REASON,No,MobileButton,Shared MobileButton now disables missing handlers with a visible reason.,DISABLED WITH REASON,PASS,Verify visible state matches behavior and business-safe wording,Mobile transfer remains disabled until the offline movement queue handler is enabled.
ACT-0233,Unknown,InventoryMovementScreen,mobile://inventory-movement,/src/mobile/src/screens/InventoryMovementScreen.tsx,Queue putaway,queue,disabled,DISABLED WITH REASON,No,MobileButton,Shared MobileButton now disables missing handlers with a visible reason.,DISABLED WITH REASON,PASS,Verify visible state matches behavior and business-safe wording,Mobile putaway remains disabled until the offline movement queue handler is enabled.
ACT-0234,Unknown,InventoryMovementScreen,mobile://inventory-movement,/src/mobile/src/screens/InventoryMovementScreen.tsx,Queue count,queue,disabled,DISABLED WITH REASON,No,MobileButton,Shared MobileButton now disables missing handlers with a visible reason.,DISABLED WITH REASON,PASS,Verify visible state matches behavior and business-safe wording,Mobile cycle count remains disabled until the offline count queue handler is enabled.
ACT-0235,Unknown,DispatchProofScreen,mobile://dispatch-proof,/src/mobile/src/screens/DispatchProofScreen.tsx,Scan package,scan,disabled,DISABLED WITH REASON,No,MobileButton,Shared MobileButton now disables missing handlers with a visible reason.,DISABLED WITH REASON,PASS,Verify visible state matches behavior and business-safe wording,Mobile package scan remains disabled until the dispatch proof command handler is enabled.
ACT-0236,Unknown,DispatchProofScreen,mobile://dispatch-proof,/src/mobile/src/screens/DispatchProofScreen.tsx,Capture proof,capture,disabled,DISABLED WITH REASON,No,MobileButton,Shared MobileButton now disables missing handlers with a visible reason.,DISABLED WITH REASON,PASS,Verify visible state matches behavior and business-safe wording,Mobile proof capture remains disabled until the dispatch proof command handler is enabled.
ACT-0237,Unknown,WaveActionTruth01.test,,/src/web/src/pages/WaveActionTruth01.test.tsx,Export queue,export,working,WORKING,Yes,ErpActionBar,Verified during action truth scan.,WORKING,PASS,Verify visible state matches behavior and business-safe wording,Global static scan plus shared component enforcement.
ACT-0238,Unknown,WaveActionTruth01.test,,/src/web/src/pages/WaveActionTruth01.test.tsx,Run planning review,run,working,WORKING,Yes,ErpActionBar,Verified during action truth scan.,WORKING,PASS,Verify visible state matches behavior and business-safe wording,Global static scan plus shared component enforcement.
ACT-0239,Platform,ApprovalWorkbenchPage,/platform/approvals,/src/web/src/pages/PlatformPages.tsx,Approve,approve,working,WORKING,Yes,ErpActionBar + ErpModalWorkspace,Gated approval decisions to pending or escalated workflow state and retained live API submission.,WORKING,PASS,Verify visible state matches behavior and business-safe wording,Terminal approval rows show a disabled reason.
ACT-0240,Platform,ApprovalWorkbenchPage,/platform/approvals,/src/web/src/pages/PlatformPages.tsx,Request changes,request-changes,working,WORKING,Yes,ErpActionBar + ErpModalWorkspace,Gated request-changes decisions to pending or escalated workflow state and retained live API submission.,WORKING,PASS,Verify visible state matches behavior and business-safe wording,Terminal approval rows show a disabled reason.
ACT-0241,Platform,ApprovalWorkbenchPage,/platform/approvals,/src/web/src/pages/PlatformPages.tsx,Reject,reject,working,WORKING,Yes,ErpActionBar + ErpModalWorkspace,Gated rejection decisions to pending or escalated workflow state and retained live API submission.,WORKING,PASS,Verify visible state matches behavior and business-safe wording,Terminal approval rows show a disabled reason.
ACT-0242,Platform,AttachmentViewerPage,/platform/attachments,/src/web/src/pages/CommercialPlanningPages.tsx,Upload document,upload,disabled,DISABLED WITH REASON,Partial,ErpActionBar,Kept upload disabled because approved document storage workflow is not enabled for this viewer.,DISABLED WITH REASON,PASS,Verify visible state matches behavior and business-safe wording,Live list is API-backed; upload remains gated.
ACT-0243,Platform,AttachmentViewerPage,/platform/attachments,/src/web/src/pages/CommercialPlanningPages.tsx,Open download audit,open,disabled,DISABLED WITH REASON,Partial,ErpActionBar,Kept download audit disabled because document-control audit enablement is incomplete.,DISABLED WITH REASON,PASS,Verify visible state matches behavior and business-safe wording,Live list is API-backed; download audit remains gated.
ACT-0244,Platform,AuditTrailPage,/platform/audit-trail; /platform/audit,/src/web/src/pages/AdminPages.tsx,Export audit,export,working,WORKING,Yes,ErpActionBar,Wired audit CSV export for the scoped audit viewer and exposed the route alias.,WORKING,PASS,Verify visible state matches behavior and business-safe wording,Client export uses visible audit rows.
