"ScreenName","Route","FilePath","ActionLabel","ActionType","CurrentState","ExpectedState","BackendAvailable","CurrentUiPattern","RequiredFix","FinalStateAfterThisWave","Notes"
"RolePermissionMatrixPage","/platform/roles","/src/web/src/pages/AdminPages.tsx","Clone role","clone","disabled","DISABLED WITH REASON","No","ErpActionBar + ErpModalWorkspace","Retained the disabled state because role cloning requires custom-role governance approval.","DISABLED WITH REASON","Visible reason is shown in the centered role workspace."
"RolePermissionMatrixPage","/platform/roles","/src/web/src/pages/AdminPages.tsx","Create custom role","create","disabled","DISABLED WITH REASON","No","ErpActionBar","Retained the disabled state because custom role creation requires role governance approval.","DISABLED WITH REASON","Visible reason is shown in the list action bar."
"UserManagementPage","/platform/users","/src/web/src/pages/AdminPages.tsx","Export","export","working","WORKING","Yes","ErpActionBar","Wired user directory export to client-side CSV for the scoped visible list.","WORKING","Export uses the currently filtered user directory; invite/reset/save remain governed."
"RolePermissionMatrixPage","/platform/roles","/src/web/src/pages/AdminPages.tsx","Export matrix","export","working","WORKING","Yes","ErpActionBar","Wired role matrix export to client-side CSV for the scoped visible matrix.","WORKING","Export matrix uses the currently filtered role permission list."
"UserManagementPage","/platform/users","/src/web/src/pages/AdminPages.tsx","Invite user","invite","disabled","DISABLED WITH REASON","No","ErpActionBar","Retained the disabled state because user invitations require the approved access workflow.","DISABLED WITH REASON","Visible reason is shown in the list action bar."
"UserManagementPage","/platform/users","/src/web/src/pages/AdminPages.tsx","Reset access","reset","disabled","DISABLED WITH REASON","No","ErpActionBar + ErpModalWorkspace","Retained the disabled state because access reset requires security approval.","DISABLED WITH REASON","Visible reason is shown in the centered user workspace."
"UserManagementPage","/platform/users","/src/web/src/pages/AdminPages.tsx","Save access policy","save","disabled","DISABLED WITH REASON","No","ErpActionBar + ErpModalWorkspace","Retained the disabled state because access policy changes require the approved admin workflow.","DISABLED WITH REASON","Visible reason is shown in the centered user workspace."
"RolePermissionMatrixPage","/platform/roles","/src/web/src/pages/AdminPages.tsx","Save template","save","disabled","DISABLED WITH REASON","No","ErpActionBar + ErpModalWorkspace","Retained the disabled state because role template changes require role governance approval.","DISABLED WITH REASON","Visible reason is shown in the centered role workspace."
"PriceListMasterPage","","/src/web/src/pages/CommercialMasterPages.tsx","New currency","new","working","WORKING","Yes","ErpActionBar","Verified during action truth scan.","WORKING","Global static scan plus shared component enforcement."
"PriceListMasterPage","","/src/web/src/pages/CommercialMasterPages.tsx","New discount scheme","new","working","WORKING","Yes","ErpActionBar","Verified during action truth scan.","WORKING","Global static scan plus shared component enforcement."
"PriceListMasterPage","","/src/web/src/pages/CommercialMasterPages.tsx","New payment term","new","working","WORKING","Yes","ErpActionBar","Verified during action truth scan.","WORKING","Global static scan plus shared component enforcement."
"PriceListMasterPage","","/src/web/src/pages/CommercialMasterPages.tsx","New price list","new","disabled","DISABLED WITH REASON","Partial","ErpActionBar","Verified during action truth scan.","DISABLED WITH REASON","Global static scan plus shared component enforcement."
"PriceListMasterPage","","/src/web/src/pages/CommercialMasterPages.tsx","New rate setup","new","working","WORKING","Yes","ErpActionBar","Verified during action truth scan.","WORKING","Global static scan plus shared component enforcement."
"PriceListMasterPage","","/src/web/src/pages/CommercialMasterPages.tsx","New tax category","new","working","WORKING","Yes","ErpActionBar","Verified during action truth scan.","WORKING","Global static scan plus shared component enforcement."
"PriceListMasterPage","","/src/web/src/pages/CommercialMasterPages.tsx","New trade term","new","working","WORKING","Yes","ErpActionBar","Verified during action truth scan.","WORKING","Global static scan plus shared component enforcement."
"PriceListMasterPage","","/src/web/src/pages/CommercialMasterPages.tsx","Save Draft","save","disabled","DISABLED WITH REASON","Partial","ErpActionBar","Verified during action truth scan.","DISABLED WITH REASON","Global static scan plus shared component enforcement."
"PriceListMasterPage","","/src/web/src/pages/CommercialMasterPages.tsx","Save Setup","save","disabled","DISABLED WITH REASON","Partial","ErpActionBar","Verified during action truth scan.","DISABLED WITH REASON","Global static scan plus shared component enforcement."
"SupplierLeadTimeMatrixPage","","/src/web/src/pages/CommercialPlanningPages.tsx","Export contracts","export","disabled","DISABLED WITH REASON","Partial","ErpActionBar","Verified during action truth scan.","DISABLED WITH REASON","Global static scan plus shared component enforcement."
"SupplierLeadTimeMatrixPage","","/src/web/src/pages/CommercialPlanningPages.tsx","Export matrix","export","disabled","DISABLED WITH REASON","Partial","ErpActionBar","Verified during action truth scan.","DISABLED WITH REASON","Global static scan plus shared component enforcement."
"MpsPlannerPage","/planning/mps","/src/web/src/pages/CommercialPlanningPages.tsx","Export MPS","export","disabled","DISABLED WITH REASON","Partial","ErpActionBar","Kept export explicitly disabled until the approved reporting workflow exists.","DISABLED WITH REASON","MPS export remains disabled with a visible governed reason."
"SupplierLeadTimeMatrixPage","","/src/web/src/pages/CommercialPlanningPages.tsx","Export orders","export","disabled","DISABLED WITH REASON","Partial","ErpActionBar","Verified during action truth scan.","DISABLED WITH REASON","Global static scan plus shared component enforcement."
"SupplierLeadTimeMatrixPage","","/src/web/src/pages/CommercialPlanningPages.tsx","Export promise check","export","disabled","DISABLED WITH REASON","Partial","ErpActionBar","Verified during action truth scan.","DISABLED WITH REASON","Global static scan plus shared component enforcement."
"SupplierLeadTimeMatrixPage","","/src/web/src/pages/CommercialPlanningPages.tsx","Export quotes","export","disabled","DISABLED WITH REASON","Partial","ErpActionBar","Verified during action truth scan.","DISABLED WITH REASON","Global static scan plus shared component enforcement."
"SupplierLeadTimeMatrixPage","","/src/web/src/pages/CommercialPlanningPages.tsx","Import forecast","import","disabled","DISABLED WITH REASON","Partial","ErpActionBar","Verified during action truth scan.","DISABLED WITH REASON","Global static scan plus shared component enforcement."
"SupplierLeadTimeMatrixPage","","/src/web/src/pages/CommercialPlanningPages.tsx","New blanket draft","new","disabled","DISABLED WITH REASON","Partial","ErpActionBar","Verified during action truth scan.","DISABLED WITH REASON","Global static scan plus shared component enforcement."
"SupplierLeadTimeMatrixPage","","/src/web/src/pages/CommercialPlanningPages.tsx","New forecast","new","disabled","DISABLED WITH REASON","Partial","ErpActionBar","Verified during action truth scan.","DISABLED WITH REASON","Global static scan plus shared component enforcement."
"SupplierLeadTimeMatrixPage","","/src/web/src/pages/CommercialPlanningPages.tsx","New lead-time row","new","disabled","DISABLED WITH REASON","Partial","ErpActionBar","Verified during action truth scan.","DISABLED WITH REASON","Global static scan plus shared component enforcement."
"MpsPlannerPage","/planning/mps","/src/web/src/pages/CommercialPlanningPages.tsx","New MPS draft","new","disabled","DISABLED WITH REASON","Partial","ErpActionBar","Kept MPS drafting explicitly disabled until planning workflow enablement and locked the detail workspace to review-only controls.","DISABLED WITH REASON","MPS draft creation remains disabled with a visible governed reason."
"SupplierLeadTimeMatrixPage","","/src/web/src/pages/CommercialPlanningPages.tsx","New order draft","new","disabled","DISABLED WITH REASON","Partial","ErpActionBar","Verified during action truth scan.","DISABLED WITH REASON","Global static scan plus shared component enforcement."
"QuoteEstimateListPage","/sales/quotes","/src/web/src/pages/CommercialPlanningPages.tsx","New quote draft","new","working","WORKING","Yes","ErpActionBar + ErpModalWorkspace","Wired the visible quote draft action to open a governed centered draft workspace backed by the live quote create API.","WORKING","OVERNIGHT-CORRECTION-01 reverified the action and replaced generic planning guidance copy."
"SupplierLeadTimeMatrixPage","","/src/web/src/pages/CommercialPlanningPages.tsx","Open download audit","open","disabled","DISABLED WITH REASON","No","ErpActionBar","Verified during action truth scan.","DISABLED WITH REASON","Global static scan plus shared component enforcement."
"SupplierLeadTimeMatrixPage","","/src/web/src/pages/CommercialPlanningPages.tsx","Review audit","review","disabled","DISABLED WITH REASON","No","ErpActionBar","Verified during action truth scan.","DISABLED WITH REASON","Global static scan plus shared component enforcement."
"SupplierLeadTimeMatrixPage","","/src/web/src/pages/CommercialPlanningPages.tsx","Run what-if","run","disabled","DISABLED WITH REASON","Partial","ErpActionBar","Verified during action truth scan.","DISABLED WITH REASON","Global static scan plus shared component enforcement."
"SupplierLeadTimeMatrixPage","","/src/web/src/pages/CommercialPlanningPages.tsx","Save blanket draft","save","disabled","DISABLED WITH REASON","Partial","ErpActionBar","Verified during action truth scan.","DISABLED WITH REASON","Global static scan plus shared component enforcement."
"SupplierLeadTimeMatrixPage","","/src/web/src/pages/CommercialPlanningPages.tsx","Save lead-time row","save","disabled","DISABLED WITH REASON","Partial","ErpActionBar","Verified during action truth scan.","DISABLED WITH REASON","Global static scan plus shared component enforcement."
"MpsPlannerPage","/planning/mps","/src/web/src/pages/CommercialPlanningPages.tsx","Save MPS draft","save","disabled","DISABLED WITH REASON","Partial","ErpActionBar + ErpModalWorkspace","Kept save explicitly disabled until MPS drafting is enabled and added a visible reason on the locked horizon field.","DISABLED WITH REASON","MPS detail workspace is review-only; save and locked planning fields remain disabled with visible governed reasons."
"SupplierLeadTimeMatrixPage","","/src/web/src/pages/CommercialPlanningPages.tsx","Save order draft","save","disabled","DISABLED WITH REASON","Partial","ErpActionBar","Verified during action truth scan.","DISABLED WITH REASON","Global static scan plus shared component enforcement."
"QuoteEstimateListPage","/sales/quotes","/src/web/src/pages/CommercialPlanningPages.tsx","Save quote draft","save","working","WORKING","Yes","ErpActionBar + ErpModalWorkspace","Wired quote draft save to POST /api/quotes for new drafts and PUT /api/quotes/{id} for edits; invalid/demo states remain disabled with visible business-safe reasons.","WORKING","Live valid drafts persist through the API; demo or incomplete drafts show a disabled reason instead of a dead action."
"QuoteEstimateListPage","/sales/quotes","/src/web/src/pages/CommercialPlanningPages.tsx","Save quote draft","save","disabled","DISABLED WITH REASON","Yes","ErpActionBar + ErpModalWorkspace","Retained selected quote queue records as review-only and changed the visible disabled reason to point users to the governed new draft workspace.","DISABLED WITH REASON","The selected quote review modal is not a dead action; its save control is explicitly disabled with the review-only reason."
"SupplierLeadTimeMatrixPage","","/src/web/src/pages/CommercialPlanningPages.tsx","Upload document","upload","disabled","DISABLED WITH REASON","Partial","ErpActionBar","Verified during action truth scan.","DISABLED WITH REASON","Global static scan plus shared component enforcement."
"DashboardHomePage","","/src/web/src/pages/DashboardPages.tsx","Export","export","working","WORKING","Yes","Button / navigation / tile","Verified during action truth scan.","WORKING","Global static scan plus shared component enforcement."
"DashboardHomePage","","/src/web/src/pages/DashboardPages.tsx","Export briefing","export","working","WORKING","Yes","Button / navigation / tile","Verified during action truth scan.","WORKING","Global static scan plus shared component enforcement."
"DashboardHomePage","","/src/web/src/pages/DashboardPages.tsx","Open Orders","open","unknown","DISABLED WITH REASON","No","Button / navigation / tile","Direct action reviewed; passive tiles no longer render as buttons and dashboard export buttons are explicitly disabled.","DISABLED WITH REASON","Global static scan plus shared component enforcement."
"DashboardHomePage","","/src/web/src/pages/DashboardPages.tsx","Open related work orders","open","unknown","DISABLED WITH REASON","No","Button / navigation / tile","Direct action reviewed; passive tiles no longer render as buttons and dashboard export buttons are explicitly disabled.","DISABLED WITH REASON","Global static scan plus shared component enforcement."
"DashboardHomePage","","/src/web/src/pages/DashboardPages.tsx","Refresh","refresh","working","WORKING","Yes","Button / navigation / tile","Verified during action truth scan.","WORKING","Global static scan plus shared component enforcement."
"PackListPage","/dispatch/pack-lists","/src/web/src/pages/DispatchPages.tsx","Create pack list","create","disabled","DISABLED WITH REASON","No","ErpActionBar","Verified lane-prod-exec disabled reason and centered modal workspace behavior.","DISABLED WITH REASON","Pack-list creation remains disabled until dispatch workflow enablement."
"ShipmentDeliveryPage","/dispatch/shipments","/src/web/src/pages/DispatchPages.tsx","Export documents","export","disabled","DISABLED WITH REASON","Partial","ErpActionBar","Verified lane-prod-exec disabled reason; modal footer reason now references the approved reporting workflow.","DISABLED WITH REASON","Shipment document export remains disabled until approved reporting is enabled."
"DispatchPlanningPage","/dispatch/planning","/src/web/src/pages/DispatchPages.tsx","Export queue","export","disabled","DISABLED WITH REASON","Partial","ErpActionBar","Verified lane-prod-exec disabled reason and removed mobile-scaffold copy from dispatch readiness text.","DISABLED WITH REASON","Dispatch queue export remains disabled until approved reporting is enabled."
"DispatchPlanningPage","/dispatch/planning","/src/web/src/pages/DispatchPages.tsx","Plan dispatch wave","plan","disabled","DISABLED WITH REASON","No","ErpActionBar","Verified lane-prod-exec disabled reason and no dead planning action.","DISABLED WITH REASON","Dispatch-wave planning remains disabled until dispatch workflow enablement."
"ShipmentDeliveryPage","/dispatch/shipments","/src/web/src/pages/DispatchPages.tsx","Prepare shipment","prepare","disabled","DISABLED WITH REASON","No","ErpActionBar","Verified lane-prod-exec disabled reason and centered modal workspace behavior.","DISABLED WITH REASON","Shipment preparation remains disabled until dispatch workflow enablement."
"PackListPage","/dispatch/pack-lists","/src/web/src/pages/DispatchPages.tsx","Print labels","print","disabled","DISABLED WITH REASON","Partial","ErpActionBar","Verified lane-prod-exec disabled reason and centered modal workspace behavior.","DISABLED WITH REASON","Label printing remains disabled until document workflow enablement."
"PackListPage","/dispatch/pack-lists","/src/web/src/pages/DispatchPages.tsx","Save pack list","save","disabled","DISABLED WITH REASON","Partial","ErpActionBar + ErpModalWorkspace","Verified lane-prod-exec disabled reason inside the pack-list modal workspace.","DISABLED WITH REASON","Pack-list save remains disabled until dispatch workflow enablement."
"ShipmentDeliveryPage","/dispatch/shipments","/src/web/src/pages/DispatchPages.tsx","Save shipment","save","disabled","DISABLED WITH REASON","Partial","ErpActionBar + ErpModalWorkspace","Verified lane-prod-exec disabled reason inside the shipment modal workspace.","DISABLED WITH REASON","Shipment save remains disabled until dispatch workflow enablement."
"RoutingLibraryPage","/engineering/routings","/src/web/src/pages/EngineeringContinuationPages.tsx","Clone routing","clone","working","WORKING","Yes","ErpActionBar","Wired clone action to open a governed routing draft and persist through the live routing create endpoint.","WORKING","Clone routing now opens a centered draft workspace for live routing records and saves as a new routing."
"AlternateItemRulesPage","/engineering/alternate-items","/src/web/src/pages/EngineeringContinuationPages.tsx","Export alternates","export","working","WORKING","Yes","ErpActionBar","Wired alternate-item export to the queued export-job workflow.","WORKING","Export alternates now queues a governed export job for the current alternate-item rulebook."
"BomComparisonPage","/engineering/bom-comparison","/src/web/src/pages/EngineeringContinuationPages.tsx","Export comparison","export","disabled","DISABLED WITH REASON","Partial","ErpActionBar","Retained the explicit disabled state because BOM comparison reporting is still pending the approved reporting workflow.","DISABLED WITH REASON","BOM comparison export remains disabled until the approved reporting workflow is enabled."
"OperationStandardPage","/engineering/operations","/src/web/src/pages/EngineeringContinuationPages.tsx","Export standards","export","working","WORKING","Yes","ErpActionBar","Wired operation-standard export to the queued export-job workflow.","WORKING","Export standards now queues a governed export job for the current operation filter set."
"OperationStandardPage","/engineering/operations","/src/web/src/pages/EngineeringContinuationPages.tsx","New operation","new","working","WORKING","Yes","ErpActionBar","Wired New operation to open the governed operation workspace and create through the live resource endpoint.","WORKING","New operation now opens a centered modal workspace and saves through the operation create API."
"RoutingLibraryPage","/engineering/routings","/src/web/src/pages/EngineeringContinuationPages.tsx","New routing","new","working","WORKING","Yes","ErpActionBar","Wired New routing to open the governed routing workspace and create through the live routing endpoint.","WORKING","New routing now opens a centered modal workspace and saves through the routing create API."
"AlternateItemRulesPage","/engineering/alternate-items","/src/web/src/pages/EngineeringContinuationPages.tsx","New rule","new","working","WORKING","Yes","ErpActionBar","Wired alternate-item authoring to open a governed create workspace for live sessions.","WORKING","New rule now opens a centered alternate-item workspace for create mode."
"EngineeringAttachmentViewerPage","/engineering/documents","/src/web/src/pages/EngineeringContinuationPages.tsx","Link document","upload","working","WORKING","Yes","ErpActionBar + ErpModalWorkspace","Wired engineering document linking to the attachment upload endpoint and kept binary audit review explicit.","WORKING","Link document now opens a governed workspace and saves document metadata plus file content through the attachment API."
"EngineeringAttachmentViewerPage","/engineering/documents","/src/web/src/pages/EngineeringContinuationPages.tsx","Open audit trail","open","disabled","DISABLED WITH REASON","No","ErpActionBar + ErpModalWorkspace","Retained the explicit disabled state because document-control audit review is not enabled yet.","DISABLED WITH REASON","Engineering document audit trail remains disabled until document-control review is enabled."
"AlternateItemRulesPage","/engineering/alternate-items","/src/web/src/pages/EngineeringContinuationPages.tsx","Save rule","save","working","WORKING","Yes","ErpActionBar + ErpModalWorkspace","Wired alternate-item create and update through the live alternate-item endpoints.","WORKING","Save rule now persists alternate-item authoring changes through the live engineering API."
"BomDetailEditorPage","/engineering/bom-editor","/src/web/src/pages/EngineeringContinuationPages.tsx","Save draft lines","save","working","WORKING","Yes","ErpActionBar","Wired draft line save to the live BOM update endpoint and locked non-persistable edit controls.","WORKING","Save draft lines now persists BOM line and operation edits for live draft revisions."
"RoutingLibraryPage","/engineering/routings","/src/web/src/pages/EngineeringContinuationPages.tsx","Save routing","save","working","WORKING","Yes","ErpActionBar","Wired routing save to live create/update endpoints and locked read-only seeded states.","WORKING","Save routing now persists new, cloned, and editable live routings."
"BomDetailEditorPage","/engineering/bom-editor","/src/web/src/pages/EngineeringContinuationPages.tsx","Add component line","add","working","WORKING","Yes","Button + visible disabled reason","Added governed inline action rendering so draft BOM line mutation has a visible disabled reason outside editable live drafts.","WORKING","Enabled for live draft BOM workspaces; seeded, approved, or unselected records are disabled with a visible reason."
"BomDetailEditorPage","/engineering/bom-editor","/src/web/src/pages/EngineeringContinuationPages.tsx","Remove line","remove","working","WORKING","Yes","Button + visible disabled reason","Added governed inline action rendering so draft BOM line removal has a visible disabled reason outside editable live drafts.","WORKING","Enabled for live draft BOM workspaces; seeded, approved, or unselected records are disabled with a visible reason."
"BomDetailEditorPage","/engineering/bom-editor","/src/web/src/pages/EngineeringContinuationPages.tsx","Add operation line","add","working","WORKING","Yes","Button + visible disabled reason","Added governed inline action rendering so draft BOM operation mutation has a visible disabled reason outside editable live drafts.","WORKING","Enabled for live draft BOM workspaces; seeded, approved, or unselected records are disabled with a visible reason."
"BomDetailEditorPage","/engineering/bom-editor","/src/web/src/pages/EngineeringContinuationPages.tsx","Remove operation","remove","working","WORKING","Yes","Button + visible disabled reason","Added governed inline action rendering so draft BOM operation removal has a visible disabled reason outside editable live drafts.","WORKING","Enabled for live draft BOM workspaces; seeded, approved, or unselected records are disabled with a visible reason."
"RoutingLibraryPage","/engineering/routings","/src/web/src/pages/EngineeringContinuationPages.tsx","Add routing step","add","working","WORKING","Yes","Button + visible disabled reason","Added governed inline action rendering so routing step mutation has a visible disabled reason outside editable live routing drafts.","WORKING","Enabled for live routing draft/create workspaces; seeded or read-only records are disabled with a visible reason."
"RoutingLibraryPage","/engineering/routings","/src/web/src/pages/EngineeringContinuationPages.tsx","Remove step","remove","working","WORKING","Yes","Button + visible disabled reason","Added governed inline action rendering so routing step removal has a visible disabled reason outside editable live routing drafts.","WORKING","Enabled for live routing draft/create workspaces; seeded or read-only records are disabled with a visible reason."
"BomDetailEditorPage","/engineering/bom-editor","/src/web/src/pages/EngineeringContinuationPages.tsx","Clone revision","clone","working","WORKING","Yes","ErpActionBar","Confirmed live clone revision behavior and kept disabled reasons for seeded or unselected states.","WORKING","Clone revision opens a draft-ready BOM revision through the live engineering clone endpoint."
"OperationStandardPage","/engineering/operations","/src/web/src/pages/EngineeringContinuationPages.tsx","Save operation","save","working","WORKING","Yes","ErpActionBar","Wired operation save to live create/update endpoints and locked seeded standards to read-only.","WORKING","Save operation now persists governed operation-standard changes through the resource API."
"BomLibraryPage","","/src/web/src/pages/EngineeringPages.tsx","Import CSV","import","disabled","DISABLED WITH REASON","Partial","ErpActionBar","Verified during action truth scan.","DISABLED WITH REASON","Global static scan plus shared component enforcement."
"BomLibraryPage","","/src/web/src/pages/EngineeringPages.tsx","New BOM draft","new","working","WORKING","Yes","ErpActionBar","Wired live BOM header draft creation and kept a business-safe disabled reason outside live engineering sessions.","WORKING","New BOM draft now opens a governed BOM header modal and creates a draft BOM through the live API."
"BomLibraryPage","","/src/web/src/pages/EngineeringPages.tsx","Print","print","disabled","DISABLED WITH REASON","Partial","ErpActionBar","Verified during action truth scan.","DISABLED WITH REASON","Global static scan plus shared component enforcement."
"InventoryBalancePage","","/src/web/src/pages/InventoryPages.tsx","Export balances","export","disabled","DISABLED WITH REASON","Partial","ErpActionBar","Verified during action truth scan.","DISABLED WITH REASON","Global static scan plus shared component enforcement."
"InventoryBalancePage","","/src/web/src/pages/InventoryPages.tsx","Export genealogy","export","disabled","DISABLED WITH REASON","Partial","ErpActionBar","Verified during action truth scan.","DISABLED WITH REASON","Global static scan plus shared component enforcement."
"InventoryBalancePage","","/src/web/src/pages/InventoryPages.tsx","Open traceability","open","disabled","DISABLED WITH REASON","No","ErpActionBar","Verified during action truth scan.","DISABLED WITH REASON","Global static scan plus shared component enforcement."
"MaterialIssuePage","/inventory/material-issue","/src/web/src/pages/InventoryPages.tsx","Post issue","post","disabled","DISABLED WITH REASON","Partial","ErpActionBar + ErpModalWorkspace","Verified lane-prod-exec disabled reason and converted source document to disabled lookup.","DISABLED WITH REASON","Issue posting remains disabled until controlled inventory posting workflow enablement."
"MaterialReturnPage","/inventory/material-return","/src/web/src/pages/InventoryPages.tsx","Post return","post","disabled","DISABLED WITH REASON","Partial","ErpActionBar + ErpModalWorkspace","Verified lane-prod-exec disabled reason and converted source document to disabled lookup.","DISABLED WITH REASON","Return posting remains disabled until controlled inventory posting workflow enablement."
"StockTransferPutawayPage","/inventory/stock-transfer","/src/web/src/pages/InventoryPages.tsx","Post transfer","post","disabled","DISABLED WITH REASON","Partial","ErpActionBar + ErpModalWorkspace","Verified lane-prod-exec disabled reason and lookup-controlled movement fields.","DISABLED WITH REASON","Transfer posting remains disabled until controlled inventory posting workflow enablement."
"MaterialIssuePage","/inventory/material-issue","/src/web/src/pages/InventoryPages.tsx","Prepare issue draft","prepare","disabled","DISABLED WITH REASON","No","ErpActionBar","Verified lane-prod-exec disabled reason and no dead issue draft action.","DISABLED WITH REASON","Issue drafting remains disabled until inventory posting workflow enablement."
"MaterialReturnPage","/inventory/material-return","/src/web/src/pages/InventoryPages.tsx","Prepare return draft","prepare","disabled","DISABLED WITH REASON","No","ErpActionBar","Verified lane-prod-exec disabled reason and no dead return draft action.","DISABLED WITH REASON","Return drafting remains disabled until inventory posting workflow enablement."
"StockTransferPutawayPage","/inventory/stock-transfer","/src/web/src/pages/InventoryPages.tsx","Prepare transfer draft","prepare","disabled","DISABLED WITH REASON","No","ErpActionBar","Verified lane-prod-exec disabled reason and no dead transfer draft action.","DISABLED WITH REASON","Transfer drafting remains disabled until inventory posting workflow enablement."
"StockTransferPutawayPage","/inventory/stock-transfer","/src/web/src/pages/InventoryPages.tsx","Print movement slip","print","disabled","DISABLED WITH REASON","Partial","ErpActionBar","Verified lane-prod-exec disabled reason and no dead print action.","DISABLED WITH REASON","Movement slip printing remains disabled until document workflow enablement."
"MaterialIssuePage","/inventory/material-issue","/src/web/src/pages/InventoryPages.tsx","Print pick slip","print","disabled","DISABLED WITH REASON","Partial","ErpActionBar","Verified lane-prod-exec disabled reason and no dead print action.","DISABLED WITH REASON","Pick-slip printing remains disabled until document workflow enablement."
"MaterialReturnPage","/inventory/material-return","/src/web/src/pages/InventoryPages.tsx","Print return note","print","disabled","DISABLED WITH REASON","Partial","ErpActionBar","Verified lane-prod-exec disabled reason and no dead print action.","DISABLED WITH REASON","Return-note printing remains disabled until document workflow enablement."
"InventoryBalancePage","","/src/web/src/pages/InventoryPages.tsx","Save balance","save","disabled","DISABLED WITH REASON","Partial","ErpActionBar","Verified during action truth scan.","DISABLED WITH REASON","Global static scan plus shared component enforcement."
"MaterialIssuePage","/inventory/material-issue","/src/web/src/pages/InventoryPages.tsx","Save issue draft","save","disabled","DISABLED WITH REASON","Partial","ErpActionBar + ErpModalWorkspace","Verified lane-prod-exec disabled reason and modal workspace source lookup.","DISABLED WITH REASON","Issue draft save remains disabled until inventory posting workflow enablement."
"MaterialReturnPage","/inventory/material-return","/src/web/src/pages/InventoryPages.tsx","Save return draft","save","disabled","DISABLED WITH REASON","Partial","ErpActionBar + ErpModalWorkspace","Verified lane-prod-exec disabled reason and modal workspace source lookup.","DISABLED WITH REASON","Return draft save remains disabled until inventory posting workflow enablement."
"StockTransferPutawayPage","/inventory/stock-transfer","/src/web/src/pages/InventoryPages.tsx","Save transfer draft","save","disabled","DISABLED WITH REASON","Partial","ErpActionBar + ErpModalWorkspace","Verified lane-prod-exec disabled reason and modal workspace location lookups.","DISABLED WITH REASON","Transfer draft save remains disabled until inventory posting workflow enablement."
"ItemGroupMasterPage","","/src/web/src/pages/ItemMasterPages.tsx","Import / export","import","disabled","DISABLED WITH REASON","Partial","ErpActionBar","Verified during action truth scan.","DISABLED WITH REASON","Global static scan plus shared component enforcement."
"ItemGroupMasterPage","","/src/web/src/pages/ItemMasterPages.tsx","New item draft","new","disabled","DISABLED WITH REASON","Partial","ErpActionBar","Verified during action truth scan.","DISABLED WITH REASON","Global static scan plus shared component enforcement."
"ItemGroupMasterPage","","/src/web/src/pages/ItemMasterPages.tsx","Open catalog preview","open","disabled","DISABLED WITH REASON","No","Button / navigation / tile","Verified during action truth scan.","DISABLED WITH REASON","Global static scan plus shared component enforcement."
"ItemGroupMasterPage","","/src/web/src/pages/ItemMasterPages.tsx","Retire media","retire","unknown","DISABLED WITH REASON","No","Button / navigation / tile","Direct action reviewed; passive tiles no longer render as buttons and dashboard export buttons are explicitly disabled.","DISABLED WITH REASON","Global static scan plus shared component enforcement."
"ItemGroupMasterPage","","/src/web/src/pages/ItemMasterPages.tsx","Review audit","review","working","WORKING","Yes","ErpActionBar","Verified during action truth scan.","WORKING","Global static scan plus shared component enforcement."
"ItemGroupMasterPage","","/src/web/src/pages/ItemMasterPages.tsx","Save & Continue","save","working","WORKING","Yes","ErpActionBar","Verified during action truth scan.","WORKING","Global static scan plus shared component enforcement."
"ItemGroupMasterPage","","/src/web/src/pages/ItemMasterPages.tsx","Set primary","set","unknown","DISABLED WITH REASON","No","Button / navigation / tile","Direct action reviewed; passive tiles no longer render as buttons and dashboard export buttons are explicitly disabled.","DISABLED WITH REASON","Global static scan plus shared component enforcement."
"ItemGroupMasterPage","","/src/web/src/pages/ItemMasterPages.tsx","Upload media","upload","disabled","DISABLED WITH REASON","Partial","Button / navigation / tile","Verified during action truth scan.","DISABLED WITH REASON","Global static scan plus shared component enforcement."
"ItemDirectoryPage","","/src/web/src/pages/MasterPages.tsx","Clone template","clone","disabled","DISABLED WITH REASON","Partial","ErpActionBar","Verified during action truth scan.","DISABLED WITH REASON","Global static scan plus shared component enforcement."
"ItemDirectoryPage","","/src/web/src/pages/MasterPages.tsx","Export","export","disabled","DISABLED WITH REASON","Partial","ErpActionBar","Verified during action truth scan.","DISABLED WITH REASON","Global static scan plus shared component enforcement."
"ItemDirectoryPage","","/src/web/src/pages/MasterPages.tsx","Export bundle","export","disabled","DISABLED WITH REASON","Partial","ErpActionBar","Verified during action truth scan.","DISABLED WITH REASON","Global static scan plus shared component enforcement."
"ItemDirectoryPage","","/src/web/src/pages/MasterPages.tsx","Export rules","export","disabled","DISABLED WITH REASON","Partial","ErpActionBar","Verified during action truth scan.","DISABLED WITH REASON","Global static scan plus shared component enforcement."
"ItemDirectoryPage","","/src/web/src/pages/MasterPages.tsx","Export tenant snapshot","export","disabled","DISABLED WITH REASON","Partial","ErpActionBar","Verified during action truth scan.","DISABLED WITH REASON","Global static scan plus shared component enforcement."
"ItemDirectoryPage","","/src/web/src/pages/MasterPages.tsx","New record","new","disabled","DISABLED WITH REASON","Partial","ErpActionBar","Verified during action truth scan.","DISABLED WITH REASON","Global static scan plus shared component enforcement."
"ItemDirectoryPage","","/src/web/src/pages/MasterPages.tsx","Review dependency","review","disabled","DISABLED WITH REASON","No","ErpActionBar","Verified during action truth scan.","DISABLED WITH REASON","Global static scan plus shared component enforcement."
"ItemDirectoryPage","","/src/web/src/pages/MasterPages.tsx","Save draft","save","disabled","DISABLED WITH REASON","Partial","ErpActionBar","Verified during action truth scan.","DISABLED WITH REASON","Global static scan plus shared component enforcement."
"ItemDirectoryPage","","/src/web/src/pages/MasterPages.tsx","Save numbering policy","save","disabled","DISABLED WITH REASON","Partial","ErpActionBar","Verified during action truth scan.","DISABLED WITH REASON","Global static scan plus shared component enforcement."
"ItemDirectoryPage","","/src/web/src/pages/MasterPages.tsx","Save policy draft","save","disabled","DISABLED WITH REASON","Partial","ErpActionBar","Verified during action truth scan.","DISABLED WITH REASON","Global static scan plus shared component enforcement."
"ItemDirectoryPage","","/src/web/src/pages/MasterPages.tsx","Save tenant settings","save","disabled","DISABLED WITH REASON","Partial","ErpActionBar","Verified during action truth scan.","DISABLED WITH REASON","Global static scan plus shared component enforcement."
"ItemDirectoryPage","","/src/web/src/pages/MasterPages.tsx","Save translation draft","save","disabled","DISABLED WITH REASON","Partial","ErpActionBar","Verified during action truth scan.","DISABLED WITH REASON","Global static scan plus shared component enforcement."
"ItemDirectoryPage","","/src/web/src/pages/MasterPages.tsx","Save workflow draft","save","disabled","DISABLED WITH REASON","Partial","ErpActionBar","Verified during action truth scan.","DISABLED WITH REASON","Global static scan plus shared component enforcement."
"UomClassMasterPage","","/src/web/src/pages/MeasurementPages.tsx","Review audit","review","disabled","DISABLED WITH REASON","No","ErpActionBar","Verified during action truth scan.","DISABLED WITH REASON","Global static scan plus shared component enforcement."
"JobCardsPage","/production/job-cards","/src/web/src/pages/OperationsPages.tsx","Add reject","add","disabled","DISABLED WITH REASON","No","ErpActionBar + ErpModalWorkspace","Verified lane-prod-exec disabled reason inside the job-card modal workspace.","DISABLED WITH REASON","Reject entry remains disabled until quality workflow enablement."
"BomLibraryPage","","/src/web/src/pages/OperationsPages.tsx","Approve","approve","disabled","DISABLED WITH REASON","Partial","ErpActionBar","Verified during action truth scan.","DISABLED WITH REASON","Global static scan plus shared component enforcement."
"BomLibraryPage","","/src/web/src/pages/OperationsPages.tsx","Clone","clone","disabled","DISABLED WITH REASON","Partial","ErpActionBar","Verified during action truth scan.","DISABLED WITH REASON","Global static scan plus shared component enforcement."
"BomLibraryPage","","/src/web/src/pages/OperationsPages.tsx","Export","export","disabled","DISABLED WITH REASON","Partial","ErpActionBar","Verified during action truth scan.","DISABLED WITH REASON","Global static scan plus shared component enforcement."
"DowntimeRegisterPage","/production/downtime","/src/web/src/pages/OperationsPages.tsx","Export downtime","export","disabled","DISABLED WITH REASON","Partial","ErpActionBar","Verified lane-prod-exec disabled reason and centered modal workspace behavior.","DISABLED WITH REASON","Downtime export remains disabled until approved reporting is enabled."
"ShiftProductionEntryPage","/production/shift-production","/src/web/src/pages/OperationsPages.tsx","Export shift","export","disabled","DISABLED WITH REASON","Partial","ErpActionBar","Verified lane-prod-exec disabled reason and centered modal workspace behavior.","DISABLED WITH REASON","Shift export remains disabled until approved reporting is enabled."
"BomLibraryPage","","/src/web/src/pages/OperationsPages.tsx","Export variances","export","disabled","DISABLED WITH REASON","Partial","ErpActionBar","Verified during action truth scan.","DISABLED WITH REASON","Global static scan plus shared component enforcement."
"BomLibraryPage","","/src/web/src/pages/OperationsPages.tsx","Import CSV","import","disabled","DISABLED WITH REASON","Partial","ErpActionBar","Verified during action truth scan.","DISABLED WITH REASON","Global static scan plus shared component enforcement."
"BomLibraryPage","","/src/web/src/pages/OperationsPages.tsx","New BOM","new","disabled","DISABLED WITH REASON","Partial","ErpActionBar","Verified during action truth scan.","DISABLED WITH REASON","Global static scan plus shared component enforcement."
"BomLibraryPage","","/src/web/src/pages/OperationsPages.tsx","New count sheet","new","disabled","DISABLED WITH REASON","Partial","ErpActionBar","Verified during action truth scan.","DISABLED WITH REASON","Global static scan plus shared component enforcement."
"WorkOrdersPage","/production/work-orders","/src/web/src/pages/OperationsPages.tsx","New work order","new","disabled","DISABLED WITH REASON","Partial","ErpActionBar","Verified lane-prod-exec disabled reason and centered work-order detail workspace behavior.","DISABLED WITH REASON","Work-order creation remains disabled until planning release workflow enablement."
"DowntimeRegisterPage","/production/downtime","/src/web/src/pages/OperationsPages.tsx","Open RCA queue","open","disabled","DISABLED WITH REASON","No","ErpActionBar + ErpModalWorkspace","Verified lane-prod-exec disabled reason in page and downtime modal actions.","DISABLED WITH REASON","RCA queue opening remains disabled until quality action workflow enablement."
"BomLibraryPage","","/src/web/src/pages/OperationsPages.tsx","Post count","post","disabled","DISABLED WITH REASON","Partial","ErpActionBar","Verified during action truth scan.","DISABLED WITH REASON","Global static scan plus shared component enforcement."
"JobCardsPage","/production/job-cards","/src/web/src/pages/OperationsPages.tsx","Print","print","disabled","DISABLED WITH REASON","Partial","ErpActionBar","Verified lane-prod-exec disabled reason and no dead print action.","DISABLED WITH REASON","Job-card printing remains disabled until document workflow enablement."
"WorkOrdersPage","/production/work-orders","/src/web/src/pages/OperationsPages.tsx","Print pack","print","disabled","DISABLED WITH REASON","Partial","ErpActionBar","Verified lane-prod-exec disabled reason and no dead print action.","DISABLED WITH REASON","Work-order print pack remains disabled until document workflow enablement."
"WorkOrdersPage","/production/work-orders","/src/web/src/pages/OperationsPages.tsx","Print traveler","print","disabled","DISABLED WITH REASON","Partial","ErpActionBar + ErpModalWorkspace","Verified lane-prod-exec disabled reason inside the work-order modal workspace.","DISABLED WITH REASON","Traveler printing remains disabled until document workflow enablement."
"OccupancyCalendarPage","/production/occupancy","/src/web/src/pages/OperationsPages.tsx","Review assignment","review","disabled","DISABLED WITH REASON","No","ErpActionBar","Verified lane-prod-exec disabled reason and no dead occupancy review action.","DISABLED WITH REASON","Assignment review remains disabled until machine-scheduling workflow enablement."
"WorkOrdersPage","/production/work-orders","/src/web/src/pages/OperationsPages.tsx","Review release","review","disabled","DISABLED WITH REASON","Partial","ErpActionBar + ErpModalWorkspace","Verified lane-prod-exec disabled reason inside the work-order modal workspace.","DISABLED WITH REASON","Release review remains disabled until planning release workflow enablement."
"BomLibraryPage","","/src/web/src/pages/OperationsPages.tsx","Save count sheet","save","disabled","DISABLED WITH REASON","Partial","ErpActionBar","Verified during action truth scan.","DISABLED WITH REASON","Global static scan plus shared component enforcement."
"DowntimeRegisterPage","/production/downtime","/src/web/src/pages/OperationsPages.tsx","Save downtime review","save","disabled","DISABLED WITH REASON","Partial","ErpActionBar + ErpModalWorkspace","Verified lane-prod-exec disabled reason inside the downtime modal workspace.","DISABLED WITH REASON","Downtime review save remains disabled until RCA workflow enablement."
"ShiftProductionEntryPage","/production/shift-production","/src/web/src/pages/OperationsPages.tsx","Save shift draft","save","disabled","DISABLED WITH REASON","Partial","ErpActionBar + ErpModalWorkspace","Verified lane-prod-exec disabled reason inside the shift production modal workspace.","DISABLED WITH REASON","Shift draft save remains disabled until production execution workflow enablement."
"ShiftProductionEntryPage","/production/shift-production","/src/web/src/pages/OperationsPages.tsx","Submit summary","submit","disabled","DISABLED WITH REASON","Partial","ErpActionBar + ErpModalWorkspace","Verified lane-prod-exec disabled reason in page and modal actions.","DISABLED WITH REASON","Shift summary submission remains disabled until production execution workflow enablement."
"WorkOrdersPage","/production/work-orders","/src/web/src/pages/OperationsPages.tsx","Export","export","disabled","DISABLED WITH REASON","Partial","ErpActionBar","Verified lane-prod-exec disabled reason and no dead work-order export action.","DISABLED WITH REASON","Work-order export remains disabled until approved reporting is enabled."
"JobCardsPage","/production/job-cards","/src/web/src/pages/OperationsPages.tsx","Manual job card","new","disabled","DISABLED WITH REASON","No","ErpActionBar","Verified lane-prod-exec disabled reason and no dead job-card creation action.","DISABLED WITH REASON","Manual job-card creation remains disabled until production control workflow enablement."
"JobCardsPage","/production/job-cards","/src/web/src/pages/OperationsPages.tsx","Complete","complete","disabled","DISABLED WITH REASON","Partial","ErpActionBar + ErpModalWorkspace","Verified lane-prod-exec disabled reason inside the job-card modal workspace.","DISABLED WITH REASON","Completion remains disabled until production execution workflow enablement."
"JobCardsPage","/production/job-cards","/src/web/src/pages/OperationsPages.tsx","Pause","pause","disabled","DISABLED WITH REASON","Partial","ErpActionBar + ErpModalWorkspace","Verified lane-prod-exec disabled reason inside the job-card modal workspace.","DISABLED WITH REASON","Pause remains disabled until production execution workflow enablement."
"MachineBoardPage","/production/machine-board","/src/web/src/pages/OperationsPages.tsx","Auto-assign review","review","disabled","DISABLED WITH REASON","No","ErpActionBar","Verified lane-prod-exec disabled reason and no dead machine board action.","DISABLED WITH REASON","Auto-assignment review remains disabled until machine-scheduling workflow enablement."
"MachineBoardPage","/production/machine-board","/src/web/src/pages/OperationsPages.tsx","Today","navigate","disabled","DISABLED WITH REASON","No","ErpActionBar","Verified lane-prod-exec disabled reason and no dead quick-date action.","DISABLED WITH REASON","Quick date reset remains disabled until scheduling toolbar enablement."
"OccupancyCalendarPage","/production/occupancy","/src/web/src/pages/OperationsPages.tsx","Next 7 days","navigate","disabled","DISABLED WITH REASON","No","ErpActionBar","Verified lane-prod-exec disabled reason and no dead quick-range action.","DISABLED WITH REASON","Quick range selection remains disabled until scheduling toolbar enablement."
"CompanyMasterPage","","/src/web/src/pages/OrganizationPages.tsx","Export bins","export","disabled","DISABLED WITH REASON","Partial","ErpActionBar","Verified during action truth scan.","DISABLED WITH REASON","Global static scan plus shared component enforcement."
"CompanyMasterPage","","/src/web/src/pages/OrganizationPages.tsx","Export branches","export","disabled","DISABLED WITH REASON","Partial","ErpActionBar","Verified during action truth scan.","DISABLED WITH REASON","Global static scan plus shared component enforcement."
"CompanyMasterPage","","/src/web/src/pages/OrganizationPages.tsx","Export companies","export","disabled","DISABLED WITH REASON","Partial","ErpActionBar","Verified during action truth scan.","DISABLED WITH REASON","Global static scan plus shared component enforcement."
"CompanyMasterPage","","/src/web/src/pages/OrganizationPages.tsx","Export departments","export","disabled","DISABLED WITH REASON","Partial","ErpActionBar","Verified during action truth scan.","DISABLED WITH REASON","Global static scan plus shared component enforcement."
"CompanyMasterPage","","/src/web/src/pages/OrganizationPages.tsx","Export shift calendar","export","disabled","DISABLED WITH REASON","Partial","ErpActionBar","Verified during action truth scan.","DISABLED WITH REASON","Global static scan plus shared component enforcement."
"CompanyMasterPage","","/src/web/src/pages/OrganizationPages.tsx","Export warehouses","export","disabled","DISABLED WITH REASON","Partial","ErpActionBar","Verified during action truth scan.","DISABLED WITH REASON","Global static scan plus shared component enforcement."
"CompanyMasterPage","","/src/web/src/pages/OrganizationPages.tsx","New bin draft","new","disabled","DISABLED WITH REASON","Partial","ErpActionBar","Verified during action truth scan.","DISABLED WITH REASON","Global static scan plus shared component enforcement."
"CompanyMasterPage","","/src/web/src/pages/OrganizationPages.tsx","New branch draft","new","disabled","DISABLED WITH REASON","Partial","ErpActionBar","Verified during action truth scan.","DISABLED WITH REASON","Global static scan plus shared component enforcement."
"CompanyMasterPage","","/src/web/src/pages/OrganizationPages.tsx","New company draft","new","disabled","DISABLED WITH REASON","Partial","ErpActionBar","Verified during action truth scan.","DISABLED WITH REASON","Global static scan plus shared component enforcement."
"CompanyMasterPage","","/src/web/src/pages/OrganizationPages.tsx","New department draft","new","disabled","DISABLED WITH REASON","Partial","ErpActionBar","Verified during action truth scan.","DISABLED WITH REASON","Global static scan plus shared component enforcement."
"CompanyMasterPage","","/src/web/src/pages/OrganizationPages.tsx","New shift draft","new","disabled","DISABLED WITH REASON","Partial","ErpActionBar","Verified during action truth scan.","DISABLED WITH REASON","Global static scan plus shared component enforcement."
"CompanyMasterPage","","/src/web/src/pages/OrganizationPages.tsx","New warehouse draft","new","disabled","DISABLED WITH REASON","Partial","ErpActionBar","Verified during action truth scan.","DISABLED WITH REASON","Global static scan plus shared component enforcement."
"CompanyMasterPage","","/src/web/src/pages/OrganizationPages.tsx","Review audit","review","disabled","DISABLED WITH REASON","No","ErpActionBar","Verified during action truth scan.","DISABLED WITH REASON","Global static scan plus shared component enforcement."
"CompanyMasterPage","","/src/web/src/pages/OrganizationPages.tsx","Review bins","review","disabled","DISABLED WITH REASON","No","ErpActionBar","Verified during action truth scan.","DISABLED WITH REASON","Global static scan plus shared component enforcement."
"CompanyMasterPage","","/src/web/src/pages/OrganizationPages.tsx","Review context users","review","disabled","DISABLED WITH REASON","No","ErpActionBar","Verified during action truth scan.","DISABLED WITH REASON","Global static scan plus shared component enforcement."
"CompanyMasterPage","","/src/web/src/pages/OrganizationPages.tsx","Review machine calendar","review","disabled","DISABLED WITH REASON","No","ErpActionBar","Verified during action truth scan.","DISABLED WITH REASON","Global static scan plus shared component enforcement."
"CompanyMasterPage","","/src/web/src/pages/OrganizationPages.tsx","Review stock usage","review","disabled","DISABLED WITH REASON","No","ErpActionBar","Verified during action truth scan.","DISABLED WITH REASON","Global static scan plus shared component enforcement."
"CompanyMasterPage","","/src/web/src/pages/OrganizationPages.tsx","Review workflow usage","review","disabled","DISABLED WITH REASON","No","ErpActionBar","Verified during action truth scan.","DISABLED WITH REASON","Global static scan plus shared component enforcement."
"CompanyMasterPage","","/src/web/src/pages/OrganizationPages.tsx","Save bin draft","save","disabled","DISABLED WITH REASON","Partial","ErpActionBar","Verified during action truth scan.","DISABLED WITH REASON","Global static scan plus shared component enforcement."
"CompanyMasterPage","","/src/web/src/pages/OrganizationPages.tsx","Save branch draft","save","disabled","DISABLED WITH REASON","Partial","ErpActionBar","Verified during action truth scan.","DISABLED WITH REASON","Global static scan plus shared component enforcement."
"CompanyMasterPage","","/src/web/src/pages/OrganizationPages.tsx","Save company draft","save","disabled","DISABLED WITH REASON","Partial","ErpActionBar","Verified during action truth scan.","DISABLED WITH REASON","Global static scan plus shared component enforcement."
"CompanyMasterPage","","/src/web/src/pages/OrganizationPages.tsx","Save department draft","save","disabled","DISABLED WITH REASON","Partial","ErpActionBar","Verified during action truth scan.","DISABLED WITH REASON","Global static scan plus shared component enforcement."
"CompanyMasterPage","","/src/web/src/pages/OrganizationPages.tsx","Save shift draft","save","disabled","DISABLED WITH REASON","Partial","ErpActionBar","Verified during action truth scan.","DISABLED WITH REASON","Global static scan plus shared component enforcement."
"CompanyMasterPage","","/src/web/src/pages/OrganizationPages.tsx","Save warehouse draft","save","disabled","DISABLED WITH REASON","Partial","ErpActionBar","Verified during action truth scan.","DISABLED WITH REASON","Global static scan plus shared component enforcement."
"CustomerListDetailPage","","/src/web/src/pages/PartnerPages.tsx","Add compliance metadata","add","disabled","DISABLED WITH REASON","No","ErpActionBar","Verified during action truth scan.","DISABLED WITH REASON","Global static scan plus shared component enforcement."
"CustomerListDetailPage","","/src/web/src/pages/PartnerPages.tsx","Add contact point","add","working","WORKING","Yes","ErpActionBar","Verified during action truth scan.","WORKING","Global static scan plus shared component enforcement."
"CustomerListDetailPage","","/src/web/src/pages/PartnerPages.tsx","Add customer site","add","working","WORKING","Yes","ErpActionBar","Verified during action truth scan.","WORKING","Global static scan plus shared component enforcement."
"CustomerListDetailPage","","/src/web/src/pages/PartnerPages.tsx","Add document metadata","add","disabled","DISABLED WITH REASON","No","ErpActionBar","Verified during action truth scan.","DISABLED WITH REASON","Global static scan plus shared component enforcement."
"CustomerListDetailPage","","/src/web/src/pages/PartnerPages.tsx","Add supplier site","add","working","WORKING","Yes","ErpActionBar","Verified during action truth scan.","WORKING","Global static scan plus shared component enforcement."
"CustomerListDetailPage","","/src/web/src/pages/PartnerPages.tsx","Review Audit","review","disabled","DISABLED WITH REASON","No","ErpActionBar","Shared action-bar guard adds a default disabled reason.","DISABLED WITH REASON","Global static scan plus shared component enforcement."
"CustomerListDetailPage","","/src/web/src/pages/PartnerPages.tsx","Save & Continue","save","disabled","DISABLED WITH REASON","Partial","ErpActionBar","Shared action-bar guard adds a default disabled reason.","DISABLED WITH REASON","Global static scan plus shared component enforcement."
"CustomerListDetailPage","","/src/web/src/pages/PartnerPages.tsx","Upload compliance document","upload","disabled","DISABLED WITH REASON","Partial","ErpActionBar","Verified during action truth scan.","DISABLED WITH REASON","Global static scan plus shared component enforcement."
"CustomerListDetailPage","","/src/web/src/pages/PartnerPages.tsx","Upload customer document","upload","disabled","DISABLED WITH REASON","Partial","ErpActionBar","Verified during action truth scan.","DISABLED WITH REASON","Global static scan plus shared component enforcement."
"CustomerListDetailPage","","/src/web/src/pages/PartnerPages.tsx","Upload supplier document","upload","disabled","DISABLED WITH REASON","Partial","ErpActionBar","Verified during action truth scan.","DISABLED WITH REASON","Global static scan plus shared component enforcement."
"CapacityPlanningBoardPage","/planning/capacity","/src/web/src/pages/PlanningContinuationPages.tsx","Review overloads","review","working","WORKING","No","ErpActionBar + ErpModalWorkspace","Wired overload review to open the current or next overloaded capacity bucket in the governed review workspace.","WORKING","Review overloads now opens the active overloaded bucket review without exposing a dead action."
"CapacityPlanningBoardPage","/planning/capacity","/src/web/src/pages/PlanningContinuationPages.tsx","Save capacity review","save","disabled","DISABLED WITH REASON","No","ErpActionBar","Kept disabled with a business-safe reason because no capacity save backend workflow exists.","DISABLED WITH REASON","Capacity review save remains intentionally disabled until the planning workflow is implemented."
"CapacityPlanningBoardPage","/planning/capacity","/src/web/src/pages/PlanningContinuationPages.tsx","Rebuild capacity draft","rebuild","disabled","DISABLED WITH REASON","No","ErpActionBar","Verified explicit disabled state for the missing capacity rebuild workflow.","DISABLED WITH REASON","Capacity rebuild remains intentionally disabled until the planning workflow is implemented."
"MrpResultsExceptionsPage","/planning/mrp-results","/src/web/src/pages/PlanningPages.tsx","Create shortage actions","create","disabled","DISABLED WITH REASON","No","ErpActionBar","Final single-lane review confirmed the action is explicitly disabled until shortage conversion workflow enablement.","DISABLED WITH REASON","MRP Results / Exceptions keeps shortage action creation disabled with a visible business reason."
"MrpResultsExceptionsPage","/planning/mrp-results","/src/web/src/pages/PlanningPages.tsx","Export exceptions","export","disabled","DISABLED WITH REASON","Partial","ErpActionBar","Final single-lane review confirmed the action is explicitly disabled until the approved reporting workflow exists.","DISABLED WITH REASON","MRP Results / Exceptions keeps export disabled with a visible business reason."
"MrpRunConsolePage","/planning/mrp","/src/web/src/pages/PlanningPages.tsx","Run MRP draft","run","working","WORKING","Yes","ErpActionBar","Wired the governed MRP draft modal to the live MRP start endpoint.","WORKING","Run MRP draft now opens a parameter workspace and starts an MRP run through the live planning API."
"MrpRunConsolePage","/planning/mrp","/src/web/src/pages/PlanningPages.tsx","Save run parameters","save","disabled","DISABLED WITH REASON","No","ErpActionBar","Kept disabled with a business-safe reason because there is no save-only run-parameter endpoint.","DISABLED WITH REASON","MRP parameters are saved only when starting a new run."
"MrpRunConsolePage","/planning/mrp","/src/web/src/pages/PlanningPages.tsx","Version snapshot","export","working","WORKING","Yes","ErpActionBar","Wired run snapshot export to the queued export-job workflow for live MRP runs.","WORKING","Version snapshot now queues a governed export job for the selected live MRP run."
"BoqRequirementsPage","/planning/boq-requirements","/src/web/src/pages/PlanningPages.tsx","Approve selected line","approve","working","WORKING","Yes","ErpActionBar","Confirmed live BOQ line approval wiring and retained disabled reasons for non-live or converted rows.","WORKING","Approve selected line now persists through the live BOQ approval endpoint."
"BoqRequirementsPage","/planning/boq-requirements","/src/web/src/pages/PlanningPages.tsx","Convert selected line","convert","working","WORKING","Yes","ErpActionBar","Confirmed live BOQ line conversion wiring and retained disabled reasons until a reviewed live line is selected.","WORKING","Convert selected line now persists through the live BOQ conversion endpoint."
"BoqRequirementsPage","/planning/boq-requirements","/src/web/src/pages/PlanningPages.tsx","Convert reviewed lines","convert","working","WORKING","Yes","ErpActionBar","Wired bulk BOQ conversion to the live convert-reviewed endpoint and kept selection-state disabled reasons in place.","WORKING","Convert reviewed lines now persists batch conversion for the selected live BOQ header."
"PurchaseRequisitionPage","","/src/web/src/pages/ProcurementPages.tsx","Approve outside plan","approve","disabled","DISABLED WITH REASON","Partial","ErpActionBar","Verified during action truth scan.","DISABLED WITH REASON","Global static scan plus shared component enforcement."
"PurchaseRequisitionPage","","/src/web/src/pages/ProcurementPages.tsx","Approve PO","approve","disabled","DISABLED WITH REASON","Partial","ErpActionBar","Verified during action truth scan.","DISABLED WITH REASON","Global static scan plus shared component enforcement."
"PurchaseRequisitionPage","","/src/web/src/pages/ProcurementPages.tsx","Approve requisition","approve","disabled","DISABLED WITH REASON","Partial","ErpActionBar","Verified during action truth scan.","DISABLED WITH REASON","Global static scan plus shared component enforcement."
"PurchaseRequisitionPage","","/src/web/src/pages/ProcurementPages.tsx","Approve selected","approve","disabled","DISABLED WITH REASON","Partial","ErpActionBar","Verified during action truth scan.","DISABLED WITH REASON","Global static scan plus shared component enforcement."
"PurchaseRequisitionPage","","/src/web/src/pages/ProcurementPages.tsx","Export PO follow-up","export","disabled","DISABLED WITH REASON","Partial","ErpActionBar","Verified during action truth scan.","DISABLED WITH REASON","Global static scan plus shared component enforcement."
"PurchaseRequisitionPage","","/src/web/src/pages/ProcurementPages.tsx","Export PR queue","export","disabled","DISABLED WITH REASON","Partial","ErpActionBar","Verified during action truth scan.","DISABLED WITH REASON","Global static scan plus shared component enforcement."
"PurchaseRequisitionPage","","/src/web/src/pages/ProcurementPages.tsx","Print send-out note","print","disabled","DISABLED WITH REASON","Partial","ErpActionBar","Verified during action truth scan.","DISABLED WITH REASON","Global static scan plus shared component enforcement."
"PurchaseRequisitionPage","","/src/web/src/pages/ProcurementPages.tsx","Save outside plan","save","disabled","DISABLED WITH REASON","Partial","ErpActionBar","Verified during action truth scan.","DISABLED WITH REASON","Global static scan plus shared component enforcement."
"PurchaseRequisitionPage","","/src/web/src/pages/ProcurementPages.tsx","Save purchase order","save","disabled","DISABLED WITH REASON","Partial","ErpActionBar","Verified during action truth scan.","DISABLED WITH REASON","Global static scan plus shared component enforcement."
"PurchaseRequisitionPage","","/src/web/src/pages/ProcurementPages.tsx","Save requisition","save","disabled","DISABLED WITH REASON","Partial","ErpActionBar","Verified during action truth scan.","DISABLED WITH REASON","Global static scan plus shared component enforcement."
"MachineStatusPage","/production/machine-status","/src/web/src/pages/ProductionOutputPages.tsx","Export OEE-lite","export","disabled","DISABLED WITH REASON","Partial","ErpActionBar","Verified lane-prod-exec disabled reason and no dead machine status export action.","DISABLED WITH REASON","OEE-lite export remains disabled until approved reporting is enabled."
"ReworkOrderPage","/production/rework-orders","/src/web/src/pages/ProductionOutputPages.tsx","Export rework","export","disabled","DISABLED WITH REASON","Partial","ErpActionBar","Verified lane-prod-exec disabled reason and rework source lookup control.","DISABLED WITH REASON","Rework export remains disabled until approved reporting is enabled."
"ScrapByProductPage","/production/scrap-by-products","/src/web/src/pages/ProductionOutputPages.tsx","Export scrap","export","disabled","DISABLED WITH REASON","Partial","ErpActionBar","Verified lane-prod-exec disabled reason and production-safe valuation copy.","DISABLED WITH REASON","Scrap export remains disabled until approved reporting is enabled."
"ReworkOrderPage","/production/rework-orders","/src/web/src/pages/ProductionOutputPages.tsx","New rework order","new","disabled","DISABLED WITH REASON","Partial","ErpActionBar","Verified lane-prod-exec disabled reason and no dead rework creation action.","DISABLED WITH REASON","Rework creation remains disabled until quality and production workflow enablement."
"ProductionReceiptPage","/production/receipts","/src/web/src/pages/ProductionOutputPages.tsx","Post receipt","post","disabled","DISABLED WITH REASON","Partial","ErpActionBar + ErpModalWorkspace","Verified lane-prod-exec disabled reason inside production receipt modal workspace.","DISABLED WITH REASON","Receipt posting remains disabled until controlled production posting workflow enablement."
"ScrapByProductPage","/production/scrap-by-products","/src/web/src/pages/ProductionOutputPages.tsx","Post scrap","post","disabled","DISABLED WITH REASON","Partial","ErpActionBar + ErpModalWorkspace","Verified lane-prod-exec disabled reason inside scrap modal workspace.","DISABLED WITH REASON","Scrap posting remains disabled until controlled production posting workflow enablement."
"ProductionReceiptPage","/production/receipts","/src/web/src/pages/ProductionOutputPages.tsx","Prepare receipt draft","prepare","disabled","DISABLED WITH REASON","No","ErpActionBar","Verified lane-prod-exec disabled reason and no dead receipt draft action.","DISABLED WITH REASON","Receipt drafting remains disabled until posting workflow enablement."
"ScrapByProductPage","/production/scrap-by-products","/src/web/src/pages/ProductionOutputPages.tsx","Prepare scrap draft","prepare","disabled","DISABLED WITH REASON","No","ErpActionBar","Verified lane-prod-exec disabled reason and no dead scrap draft action.","DISABLED WITH REASON","Scrap draft creation remains disabled until production posting workflow enablement."
"ProductionReceiptPage","/production/receipts","/src/web/src/pages/ProductionOutputPages.tsx","Print receipt","print","disabled","DISABLED WITH REASON","Partial","ErpActionBar","Verified lane-prod-exec disabled reason and no dead receipt print action.","DISABLED WITH REASON","Receipt printing remains disabled until document workflow enablement."
"ReworkOrderPage","/production/rework-orders","/src/web/src/pages/ProductionOutputPages.tsx","Release rework","release","disabled","DISABLED WITH REASON","Partial","ErpActionBar + ErpModalWorkspace","Verified lane-prod-exec disabled reason inside rework modal workspace.","DISABLED WITH REASON","Rework release remains disabled until controlled rework workflow enablement."
"ProductionReceiptPage","/production/receipts","/src/web/src/pages/ProductionOutputPages.tsx","Save receipt draft","save","disabled","DISABLED WITH REASON","Partial","ErpActionBar + ErpModalWorkspace","Verified lane-prod-exec disabled reason inside production receipt modal workspace.","DISABLED WITH REASON","Receipt draft save remains disabled until posting workflow enablement."
"ReworkOrderPage","/production/rework-orders","/src/web/src/pages/ProductionOutputPages.tsx","Save rework order","save","disabled","DISABLED WITH REASON","Partial","ErpActionBar + ErpModalWorkspace","Verified lane-prod-exec disabled reason and rework source lookup control.","DISABLED WITH REASON","Rework save remains disabled until quality and production workflow enablement."
"ScrapByProductPage","/production/scrap-by-products","/src/web/src/pages/ProductionOutputPages.tsx","Save scrap draft","save","disabled","DISABLED WITH REASON","Partial","ErpActionBar + ErpModalWorkspace","Verified lane-prod-exec disabled reason inside scrap modal workspace.","DISABLED WITH REASON","Scrap draft save remains disabled until production posting workflow enablement."
"InspectionPage","/quality/incoming-inspections | /quality/in-process-inspections | /quality/final-inspections","/src/web/src/pages/QualityPages.tsx","Export inspections","export","disabled","DISABLED WITH REASON","Partial","ErpActionBar","Verified lane-prod-exec disabled reason across inspection routes and converted source document to disabled lookup.","DISABLED WITH REASON","Inspection export remains disabled until approved reporting is enabled."
"NcrDeviationPage","/quality/ncr","/src/web/src/pages/QualityPages.tsx","Export NCR","export","disabled","DISABLED WITH REASON","Partial","ErpActionBar","Verified lane-prod-exec disabled reason and rework-link lookup control.","DISABLED WITH REASON","NCR export remains disabled until approved reporting is enabled."
"QcPlanSetupPage","/quality/plans","/src/web/src/pages/QualityPages.tsx","Export plans","export","disabled","DISABLED WITH REASON","Partial","ErpActionBar","Verified lane-prod-exec disabled reason and production-safe QC plan copy.","DISABLED WITH REASON","QC plan export remains disabled until approved reporting is enabled."
"InspectionPage","/quality/incoming-inspections | /quality/in-process-inspections | /quality/final-inspections","/src/web/src/pages/QualityPages.tsx","New inspection","new","disabled","DISABLED WITH REASON","Partial","ErpActionBar","Verified lane-prod-exec disabled reason across inspection routes.","DISABLED WITH REASON","Inspection creation remains disabled until quality execution workflow enablement."
"NcrDeviationPage","/quality/ncr","/src/web/src/pages/QualityPages.tsx","New NCR","new","disabled","DISABLED WITH REASON","Partial","ErpActionBar","Verified lane-prod-exec disabled reason and no dead NCR creation action.","DISABLED WITH REASON","NCR creation remains disabled until quality workflow enablement."
"QcPlanSetupPage","/quality/plans","/src/web/src/pages/QualityPages.tsx","New QC plan","new","disabled","DISABLED WITH REASON","Partial","ErpActionBar","Verified lane-prod-exec disabled reason and no dead QC plan creation action.","DISABLED WITH REASON","QC plan creation remains disabled until quality master workflow enablement."
"NcrDeviationPage","/quality/ncr","/src/web/src/pages/QualityPages.tsx","Release disposition","release","disabled","DISABLED WITH REASON","Partial","ErpActionBar + ErpModalWorkspace","Verified lane-prod-exec disabled reason inside the NCR modal workspace.","DISABLED WITH REASON","Disposition release remains disabled until quality approval workflow enablement."
"InspectionPage","/quality/incoming-inspections | /quality/in-process-inspections | /quality/final-inspections","/src/web/src/pages/QualityPages.tsx","Release hold","release","disabled","DISABLED WITH REASON","Partial","ErpActionBar + ErpModalWorkspace","Verified lane-prod-exec disabled reason inside inspection modal workspaces.","DISABLED WITH REASON","Hold release remains disabled until quality approval workflow enablement."
"InspectionPage","/quality/incoming-inspections | /quality/in-process-inspections | /quality/final-inspections","/src/web/src/pages/QualityPages.tsx","Save inspection","save","disabled","DISABLED WITH REASON","Partial","ErpActionBar + ErpModalWorkspace","Verified lane-prod-exec disabled reason and source lookup inside inspection modal workspaces.","DISABLED WITH REASON","Inspection save remains disabled until quality execution workflow enablement."
"NcrDeviationPage","/quality/ncr","/src/web/src/pages/QualityPages.tsx","Save NCR","save","disabled","DISABLED WITH REASON","Partial","ErpActionBar + ErpModalWorkspace","Verified lane-prod-exec disabled reason and rework-link lookup inside the NCR modal workspace.","DISABLED WITH REASON","NCR save remains disabled until quality workflow enablement."
"ExecutionCaptureScreen","mobile://execution-capture","/src/mobile/src/screens/ExecutionCaptureScreen.tsx","Start","start","disabled","DISABLED WITH REASON","No","MobileButton","Shared MobileButton now disables missing handlers with a visible reason.","DISABLED WITH REASON","Mobile start remains disabled until the mobile execution command handler is enabled."
"ExecutionCaptureScreen","mobile://execution-capture","/src/mobile/src/screens/ExecutionCaptureScreen.tsx","Pause","pause","disabled","DISABLED WITH REASON","No","MobileButton","Shared MobileButton now disables missing handlers with a visible reason.","DISABLED WITH REASON","Mobile pause remains disabled until the mobile execution command handler is enabled."
"ExecutionCaptureScreen","mobile://execution-capture","/src/mobile/src/screens/ExecutionCaptureScreen.tsx","Resume","resume","disabled","DISABLED WITH REASON","No","MobileButton","Shared MobileButton now disables missing handlers with a visible reason.","DISABLED WITH REASON","Mobile resume remains disabled until the mobile execution command handler is enabled."
"ExecutionCaptureScreen","mobile://execution-capture","/src/mobile/src/screens/ExecutionCaptureScreen.tsx","Complete","complete","disabled","DISABLED WITH REASON","No","MobileButton","Shared MobileButton now disables missing handlers with a visible reason.","DISABLED WITH REASON","Mobile complete remains disabled until the mobile execution command handler is enabled."
"ExecutionCaptureScreen","mobile://execution-capture","/src/mobile/src/screens/ExecutionCaptureScreen.tsx","Queue quantity posting","queue","disabled","DISABLED WITH REASON","No","MobileButton","Shared MobileButton now disables missing handlers with a visible reason.","DISABLED WITH REASON","Mobile quantity posting remains disabled until the offline queue command handler is enabled."
"JobCardsScreen","mobile://job-cards","/src/mobile/src/screens/JobCardsScreen.tsx","Open action sheet","open","disabled","DISABLED WITH REASON","No","MobileButton","Shared MobileButton now disables missing handlers with a visible reason.","DISABLED WITH REASON","Mobile action sheet opening remains disabled until the execution action sheet handler is enabled."
"MachineDowntimeScreen","mobile://machine-downtime","/src/mobile/src/screens/MachineDowntimeScreen.tsx","Queue downtime log","queue","disabled","DISABLED WITH REASON","No","MobileButton","Shared MobileButton now disables missing handlers with a visible reason.","DISABLED WITH REASON","Mobile downtime logging remains disabled until the offline downtime queue handler is enabled."
"MachineDowntimeScreen","mobile://machine-downtime","/src/mobile/src/screens/MachineDowntimeScreen.tsx","Run","status","disabled","DISABLED WITH REASON","No","MobileButton","Shared MobileButton now disables missing handlers with a visible reason.","DISABLED WITH REASON","Mobile run status update remains disabled until the machine status command handler is enabled."
"MachineDowntimeScreen","mobile://machine-downtime","/src/mobile/src/screens/MachineDowntimeScreen.tsx","Idle","status","disabled","DISABLED WITH REASON","No","MobileButton","Shared MobileButton now disables missing handlers with a visible reason.","DISABLED WITH REASON","Mobile idle status update remains disabled until the machine status command handler is enabled."
"MachineDowntimeScreen","mobile://machine-downtime","/src/mobile/src/screens/MachineDowntimeScreen.tsx","Down","status","disabled","DISABLED WITH REASON","No","MobileButton","Shared MobileButton now disables missing handlers with a visible reason.","DISABLED WITH REASON","Mobile down status update remains disabled until the machine status command handler is enabled."
"ProductionReceiptReworkScreen","mobile://production-receipt-rework","/src/mobile/src/screens/ProductionReceiptReworkScreen.tsx","Queue output receipt","queue","disabled","DISABLED WITH REASON","No","MobileButton","Shared MobileButton now disables missing handlers with a visible reason.","DISABLED WITH REASON","Mobile output receipt remains disabled until the offline receipt queue handler is enabled."
"ProductionReceiptReworkScreen","mobile://production-receipt-rework","/src/mobile/src/screens/ProductionReceiptReworkScreen.tsx","Queue rework instruction","queue","disabled","DISABLED WITH REASON","No","MobileButton","Shared MobileButton now disables missing handlers with a visible reason.","DISABLED WITH REASON","Mobile rework instruction remains disabled until the offline rework queue handler is enabled."
"QualityCaptureScreen","mobile://quality-capture","/src/mobile/src/screens/QualityCaptureScreen.tsx","Pass","quality","disabled","DISABLED WITH REASON","No","MobileButton","Shared MobileButton now disables missing handlers with a visible reason and removed destructive-reset wording.","DISABLED WITH REASON","Mobile pass result remains disabled until the quality result command handler is enabled."
"QualityCaptureScreen","mobile://quality-capture","/src/mobile/src/screens/QualityCaptureScreen.tsx","Fail","quality","disabled","DISABLED WITH REASON","No","MobileButton","Shared MobileButton now disables missing handlers with a visible reason and removed destructive-reset wording.","DISABLED WITH REASON","Mobile fail result remains disabled until the quality result command handler is enabled."
"QualityCaptureScreen","mobile://quality-capture","/src/mobile/src/screens/QualityCaptureScreen.tsx","Queue NCR / rework capture","queue","disabled","DISABLED WITH REASON","No","MobileButton","Shared MobileButton now disables missing handlers with a visible reason and removed destructive-reset wording.","DISABLED WITH REASON","Mobile NCR/rework capture remains disabled until the offline quality queue handler is enabled."
"MaterialScanScreen","mobile://material-scan","/src/mobile/src/screens/MaterialScanScreen.tsx","Queue issue","queue","disabled","DISABLED WITH REASON","No","MobileButton","Shared MobileButton now disables missing handlers with a visible reason.","DISABLED WITH REASON","Mobile material issue remains disabled until the offline material queue handler is enabled."
"MaterialScanScreen","mobile://material-scan","/src/mobile/src/screens/MaterialScanScreen.tsx","Queue return","queue","disabled","DISABLED WITH REASON","No","MobileButton","Shared MobileButton now disables missing handlers with a visible reason.","DISABLED WITH REASON","Mobile material return remains disabled until the offline material queue handler is enabled."
"InventoryMovementScreen","mobile://inventory-movement","/src/mobile/src/screens/InventoryMovementScreen.tsx","Queue transfer","queue","disabled","DISABLED WITH REASON","No","MobileButton","Shared MobileButton now disables missing handlers with a visible reason.","DISABLED WITH REASON","Mobile transfer remains disabled until the offline movement queue handler is enabled."
"InventoryMovementScreen","mobile://inventory-movement","/src/mobile/src/screens/InventoryMovementScreen.tsx","Queue putaway","queue","disabled","DISABLED WITH REASON","No","MobileButton","Shared MobileButton now disables missing handlers with a visible reason.","DISABLED WITH REASON","Mobile putaway remains disabled until the offline movement queue handler is enabled."
"InventoryMovementScreen","mobile://inventory-movement","/src/mobile/src/screens/InventoryMovementScreen.tsx","Queue count","queue","disabled","DISABLED WITH REASON","No","MobileButton","Shared MobileButton now disables missing handlers with a visible reason.","DISABLED WITH REASON","Mobile cycle count remains disabled until the offline count queue handler is enabled."
"DispatchProofScreen","mobile://dispatch-proof","/src/mobile/src/screens/DispatchProofScreen.tsx","Scan package","scan","disabled","DISABLED WITH REASON","No","MobileButton","Shared MobileButton now disables missing handlers with a visible reason.","DISABLED WITH REASON","Mobile package scan remains disabled until the dispatch proof command handler is enabled."
"DispatchProofScreen","mobile://dispatch-proof","/src/mobile/src/screens/DispatchProofScreen.tsx","Capture proof","capture","disabled","DISABLED WITH REASON","No","MobileButton","Shared MobileButton now disables missing handlers with a visible reason.","DISABLED WITH REASON","Mobile proof capture remains disabled until the dispatch proof command handler is enabled."
"WaveActionTruth01.test","","/src/web/src/pages/WaveActionTruth01.test.tsx","Export queue","export","working","WORKING","Yes","ErpActionBar","Verified during action truth scan.","WORKING","Global static scan plus shared component enforcement."
"WaveActionTruth01.test","","/src/web/src/pages/WaveActionTruth01.test.tsx","Run planning review","run","working","WORKING","Yes","ErpActionBar","Verified during action truth scan.","WORKING","Global static scan plus shared component enforcement."
"NotificationInboxPage","/platform/notifications","/src/web/src/pages/PlatformPages.tsx","Load live notifications","load","working","WORKING","Yes","NotificationProvider + EmptyState","Removed silent seeded fallback for live authenticated sessions and replaced failures with an unavailable state.","WORKING","OVERNIGHT-CORRECTION-01 reverified live sessions show only verified notification data; demo content remains limited to demo sessions."
"NotificationInboxPage","/platform/notifications","/src/web/src/pages/PlatformPages.tsx","Mark all as read","mark-read","disabled","DISABLED WITH REASON","Yes","Button","Kept read-all wired when live data is available and disabled it with a reason while loading or unavailable.","DISABLED WITH REASON","The action is disabled with title reason when notifications are loading, unavailable, or already read."
"ApprovalWorkbenchPage","/platform/approvals","/src/web/src/pages/PlatformPages.tsx","Load live approvals","load","working","WORKING","Yes","platformAdapters + EmptyState","Removed silent seeded fallback for live authenticated sessions and replaced failures with an unavailable state.","WORKING","OVERNIGHT-CORRECTION-01 reverified live sessions show only verified approval data; seeded approvals remain limited to demo sessions."
"ApprovalWorkbenchPage","/platform/approvals","/src/web/src/pages/PlatformPages.tsx","Approve","approve","working","WORKING","Yes","ErpActionBar + ErpModalWorkspace","Stopped live decision fallback and gated the action so only pending or escalated approvals can be approved.","WORKING","Terminal approvals show a disabled business reason instead of allowing another decision."
"ApprovalWorkbenchPage","/platform/approvals","/src/web/src/pages/PlatformPages.tsx","Reject","reject","working","WORKING","Yes","ErpActionBar + ErpModalWorkspace","Stopped live decision fallback and gated the action so only pending or escalated approvals can be rejected.","WORKING","Terminal approvals show a disabled business reason instead of allowing another decision."
"ApprovalWorkbenchPage","/platform/approvals","/src/web/src/pages/PlatformPages.tsx","Request changes","request-changes","working","WORKING","Yes","ErpActionBar + ErpModalWorkspace","Stopped live decision fallback and gated the action so only pending or escalated approvals can request changes.","WORKING","Terminal approvals show a disabled business reason instead of allowing another decision."
"AuditTrailPage","/platform/audit-trail; /platform/audit","/src/web/src/pages/AdminPages.tsx","Export audit","export","working","WORKING","Yes","ErpActionBar","Wired audit viewer CSV export over the currently scoped audit events and exposed the governed route alias.","WORKING","Client-side export uses the visible audit viewer data; API remains role-scoped."
"AuditTrailPage","/platform/audit-trail; /platform/audit","/src/web/src/pages/AdminPages.tsx","Open audit event","open","working","WORKING","Yes","DataGrid + ErpModalWorkspace","Wired row selection to a centered audit event workspace and exposed the governed route alias.","WORKING","Audit snapshots show in the modal workspace."
"NotificationInboxPage","/platform/notifications","/src/web/src/pages/PlatformPages.tsx","Acknowledge notification","mark-read","working","WORKING","Yes","ErpActionBar + ErpModalWorkspace","Moved notification detail to centered workspace and kept single-notification acknowledgement wired.","WORKING","Action is hidden for already-read notifications."
"NotificationInboxPage","/platform/notifications","/src/web/src/pages/PlatformPages.tsx","Open linked record","open","working","WORKING","Yes","ErpActionBar + ErpModalWorkspace","Moved notification detail to centered workspace and kept linked-record navigation wired.","WORKING","Action is hidden when a notification has no linked action path."
"ApprovalWorkbenchPage","/platform/approvals","/src/web/src/pages/PlatformPages.tsx","Open linked record","open","working","WORKING","Yes","Button + ErpModalWorkspace","Kept linked-record navigation wired inside the centered approval workspace.","WORKING","Action is hidden when an approval has no linked action path."
"ItemMediaGovernance","/masters/items","/src/web/src/pages/ItemMasterPages.tsx","Upload media","upload","disabled","DISABLED WITH REASON","No","ErpFileActionState","FOUNDATION-ENFORCEMENT-01 replaced the visible upload affordance with a governed disabled file-action state.","DISABLED WITH REASON","Media storage and primary-media workflow remain disabled until document storage is enabled."
"CustomerDocumentGovernance","/partners/customers","/src/web/src/pages/PartnerPages.tsx","Upload customer document","upload","disabled","DISABLED WITH REASON","No","ErpFileActionState","FOUNDATION-ENFORCEMENT-01 replaced the visible upload affordance with a governed disabled file-action state.","DISABLED WITH REASON","Customer binary document storage remains disabled until attachment storage and authorization are enabled."
"SupplierComplianceGovernance","/partners/suppliers","/src/web/src/pages/PartnerPages.tsx","Upload compliance document","upload","disabled","DISABLED WITH REASON","No","ErpFileActionState","FOUNDATION-ENFORCEMENT-01 replaced the visible upload affordance with a governed disabled file-action state.","DISABLED WITH REASON","Supplier compliance binary upload remains disabled until attachment storage and authorization are enabled."
"SupplierDocumentGovernance","/partners/suppliers","/src/web/src/pages/PartnerPages.tsx","Upload supplier document","upload","disabled","DISABLED WITH REASON","No","ErpFileActionState","FOUNDATION-ENFORCEMENT-01 replaced the visible upload affordance with a governed disabled file-action state.","DISABLED WITH REASON","Supplier binary document storage remains disabled until attachment storage and authorization are enabled."
"EngineeringDocumentGovernance","/engineering/documents","/src/web/src/pages/EngineeringContinuationPages.tsx","Linked file","upload","disabled","DISABLED WITH REASON","No","ErpFileActionState","FOUNDATION-ENFORCEMENT-01 replaced the file reference field with a governed disabled file-action state.","DISABLED WITH REASON","Engineering document binary linking remains disabled until controlled document storage is available."
"ProductionReceiptGovernance","/production/receipts","/src/web/src/pages/ProductionOutputPages.tsx","Output review fields","review","disabled","DISABLED WITH REASON","No","Read-only field controls","FOUNDATION-ENFORCEMENT-01 disabled review-only editable-looking receipt fields.","DISABLED WITH REASON","Production receipt save/post workflow remains deferred."
"QualityNcrGovernance","/quality/ncr","/src/web/src/pages/QualityPages.tsx","Root cause review field","review","disabled","DISABLED WITH REASON","No","Read-only field controls","FOUNDATION-ENFORCEMENT-01 disabled the editable-looking root-cause review field.","DISABLED WITH REASON","NCR disposition/save workflow remains deferred."
"DispatchShipmentGovernance","/dispatch/shipments","/src/web/src/pages/DispatchPages.tsx","Tracking review field","review","disabled","DISABLED WITH REASON","No","Read-only field controls","FOUNDATION-ENFORCEMENT-01 disabled the editable-looking tracking review field.","DISABLED WITH REASON","Shipment preparation/save workflow remains deferred."
"SalesOrderListPage","/sales/orders","/src/web/src/pages/CommercialPlanningPages.tsx","Sales order promise date","review","disabled","DISABLED WITH REASON","No","ErpModalWorkspace date control","STRICT-FINAL-ENFORCEMENT-01 disabled the review-only promise date and tied it to sales order workflow dependency.","DISABLED WITH REASON","Sales order edit workflow remains partial."
"PurchaseRequisitionPage","/procurement/requisitions","/src/web/src/pages/ProcurementPages.tsx","Source document review","review","disabled","DISABLED WITH REASON","No","ErpLookupField","STRICT-FINAL-ENFORCEMENT-01 replaced source document free text with a governed disabled selector.","DISABLED WITH REASON","Source document drill-down/search remains partial."
"PurchaseRequisitionPage","/procurement/requisitions","/src/web/src/pages/ProcurementPages.tsx","Need-by date review","review","disabled","DISABLED WITH REASON","No","Disabled date control","STRICT-FINAL-ENFORCEMENT-01 disabled the review-only need-by date and tied it to requisition workflow dependency.","DISABLED WITH REASON","Purchase requisition edit workflow remains partial."
"PurchaseOrderPage","/procurement/purchase-orders","/src/web/src/pages/ProcurementPages.tsx","Expected receipt review","review","disabled","DISABLED WITH REASON","No","Disabled date control","STRICT-FINAL-ENFORCEMENT-01 disabled the review-only expected receipt date and tied it to purchase order workflow dependency.","DISABLED WITH REASON","Purchase order follow-up workflow remains partial."
"PurchaseOrderPage","/procurement/purchase-orders","/src/web/src/pages/ProcurementPages.tsx","Follow-up signal review","review","disabled","DISABLED WITH REASON","No","ErpLookupField","STRICT-FINAL-ENFORCEMENT-01 replaced follow-up signal free text with a governed disabled selector.","DISABLED WITH REASON","Supplier commitment status source remains partial."
"CompanyMasterPage","/organization/companies","/src/web/src/pages/OrganizationPages.tsx","Save company draft","save","disabled","DISABLED WITH REASON","Partial","ErpActionBar","STRICT-FINAL-ENFORCEMENT-01 kept save disabled and replaced internal wording with company setup workflow reason.","DISABLED WITH REASON","Company setup save workflow remains partial."
"CompanyMasterPage","/organization/companies","/src/web/src/pages/OrganizationPages.tsx","Review audit","review","disabled","DISABLED WITH REASON","Partial","ErpActionBar","STRICT-FINAL-ENFORCEMENT-01 kept audit review disabled and replaced internal wording with company setup workflow reason.","DISABLED WITH REASON","Company audit workflow remains partial."
"NotificationInboxPage","/platform/notifications","/src/web/src/pages/PlatformPages.tsx","Unavailable notification state","load","disabled","DISABLED WITH REASON","Yes","EmptyState","STRICT-FINAL-ENFORCEMENT-01 kept unavailable live state business-safe and removed internal workspace wording.","DISABLED WITH REASON","Notification delivery depth remains partial."
"ApprovalWorkbenchPage","/platform/approvals","/src/web/src/pages/PlatformPages.tsx","Unavailable approval state","load","disabled","DISABLED WITH REASON","Yes","EmptyState","STRICT-FINAL-ENFORCEMENT-01 kept unavailable live state business-safe and removed internal workspace wording.","DISABLED WITH REASON","Approval workflow depth remains partial."
"AttachmentViewerPage","/platform/attachments","/src/web/src/pages/CommercialPlanningPages.tsx","Upload document","upload","disabled","DISABLED WITH REASON","Partial","ErpActionBar","Kept upload disabled because approved document storage workflow is not enabled for this viewer.","DISABLED WITH REASON","Live list reads from the attachment API; upload stays disabled until document-control enablement."
"AttachmentViewerPage","/platform/attachments","/src/web/src/pages/CommercialPlanningPages.tsx","Open download audit","open","disabled","DISABLED WITH REASON","Partial","ErpActionBar","Kept download audit disabled because document-control audit enablement is incomplete.","DISABLED WITH REASON","Live list reads from the attachment API; download audit remains disabled until document-control enablement."
"TranslationSetupPage","/platform/translations","/src/web/src/pages/MasterPages.tsx","Save translation draft","save","disabled","DISABLED WITH REASON","Partial","ErpActionBar + ErpModalWorkspace","Kept save disabled and changed translation fields to read-only controls while localization approval workflow is incomplete.","DISABLED WITH REASON","Translation publish/review workflow remains partial."
"TranslationSetupPage","/platform/translations","/src/web/src/pages/MasterPages.tsx","Queue review","review","disabled","DISABLED WITH REASON","Partial","ErpActionBar + ErpModalWorkspace","Kept review queue disabled and changed translation fields to read-only controls while localization approval workflow is incomplete.","DISABLED WITH REASON","Translation review routing remains partial."
"WorkflowNumberingPage","/platform/workflow-numbering","/src/web/src/pages/MasterPages.tsx","Save numbering policy","save","disabled","DISABLED WITH REASON","Partial","ErpActionBar","Kept numbering policy save disabled until platform approval workflow is enabled.","DISABLED WITH REASON","Numbering policy write/versioning remains partial."
"WorkflowNumberingPage","/platform/workflow-numbering","/src/web/src/pages/MasterPages.tsx","Export rules","export","disabled","DISABLED WITH REASON","Partial","ErpActionBar","Kept workflow-rule export disabled until approved reporting workflow is enabled.","DISABLED WITH REASON","Workflow-rule export remains partial."
"WorkflowNumberingPage","/platform/workflow-numbering","/src/web/src/pages/MasterPages.tsx","Save workflow draft","save","disabled","DISABLED WITH REASON","Partial","ErpActionBar + ErpModalWorkspace","Kept workflow draft save disabled and changed approval chain to a disabled governed selector.","DISABLED WITH REASON","Workflow editing/versioning remains partial."
"WorkflowNumberingPage","/platform/workflow-numbering","/src/web/src/pages/MasterPages.tsx","Clone template","clone","disabled","DISABLED WITH REASON","Partial","ErpActionBar + ErpModalWorkspace","Kept template cloning disabled until platform approval workflow is enabled.","DISABLED WITH REASON","Workflow cloning remains partial."
"LoginPage","/login","/src/web/src/pages/LoginPage.tsx","Sign in","login","working","WORKING","Yes","Login form","Verified stale stored session is cleared before login and sign-in is backed by /api/auth/login.","WORKING","RESET-01 slice verification."
"ForgotPasswordPage","/forgot-password","/src/web/src/pages/PlatformPages.tsx","Request recovery guidance","submit","working","WORKING","Yes","Login form","Verified forgot-password flow is usable and returns business-safe recovery guidance.","WORKING","RESET-01 slice verification."
"ItemListPage","/masters/items","/src/web/src/pages/ItemMasterPages.tsx","New item draft","new","working","WORKING","Yes","ErpActionBar + ErpModalWorkspace","Verified New item draft opens a centered item workspace.","WORKING","RESET-01 slice verification."
"ItemListPage","/masters/items","/src/web/src/pages/ItemMasterPages.tsx","Save Draft","save","working","WORKING","Yes","ErpActionBar + ErpModalWorkspace","Live sessions persist item core/profile draft changes; demo/no-live sessions are disabled with a visible reason.","WORKING","RESET-01 gated no-live save buttons so they are not dead visible actions."
"ItemListPage","/masters/items","/src/web/src/pages/ItemMasterPages.tsx","Save & Continue","save","working","WORKING","Yes","ErpActionBar + ErpModalWorkspace","Live sessions persist item core/profile draft changes and keep the workspace open; demo/no-live sessions are disabled with a visible reason.","WORKING","RESET-01 gated no-live save buttons so they are not dead visible actions."
"ItemListPage","/masters/items","/src/web/src/pages/ItemMasterPages.tsx","Upload media","upload","disabled","DISABLED WITH REASON","No","ErpFileActionState","Item media upload remains disabled until media storage is enabled.","DISABLED WITH REASON","RESET-01 reverified disabled upload truth."
"CustomerListDetailPage","/partners/customers","/src/web/src/pages/PartnerPages.tsx","New customer draft","new","working","WORKING","Yes","ErpActionBar + ErpModalWorkspace","Verified New customer draft opens a centered partner workspace.","WORKING","RESET-01 slice verification."
"CustomerListDetailPage","/partners/customers","/src/web/src/pages/PartnerPages.tsx","Save Draft","save","working","WORKING","Yes","ErpActionBar + ErpModalWorkspace","Live sessions persist customer core/profile/site/document metadata; demo/no-live sessions are disabled with a visible reason.","WORKING","RESET-01 slice verification."
"SupplierListDetailPage","/partners/suppliers","/src/web/src/pages/PartnerPages.tsx","New supplier draft","new","working","WORKING","Yes","ErpActionBar + ErpModalWorkspace","Verified New supplier draft opens a centered partner workspace.","WORKING","RESET-01 slice verification."
"SupplierListDetailPage","/partners/suppliers","/src/web/src/pages/PartnerPages.tsx","Save Draft","save","working","WORKING","Yes","ErpActionBar + ErpModalWorkspace","Live sessions persist supplier core/profile/site/document metadata; demo/no-live sessions are disabled with a visible reason.","WORKING","RESET-01 slice verification."
